DATE,COMNAM,PERMNO,PERMCO
19860107,OPTIMUM MANUFACTURING INC,10000,7952
19860109,GREAT FALLS GAS CO,10001,7953
19931122,ENERGY WEST INC,10001,7953
20090804,ENERGY INC,10001,7953
20100709,GAS NATURAL INC,10001,7953
19860110,MOBILE NATIONAL CORP,10002,7954
19930930,SOUTH ALABAMA BANCORPORATION INC,10002,7954
20020515,BANCTRUST FINANCIAL GROUP INC,10002,7954
19860114,GREAT COUNTRY BK ASONIA CT,10003,7957
19860115,CLOSE OUTS PLUS INC,10004,7960
19860115,WESTERN ENERGY RESOURCES INC,10005,7961
19251231,AMERICAN CAR & FDRY CO,10006,22156
19540601,A C F INDUSTRIES INC,10006,22156
19860116,SHAREDATA INC,10007,7963
19860116,GARDENAMERICA CORP,10008,7964
19860117,CAYUGA SAVINGS BANK NY,10009,7965
19900302,IROQUOIS BANCORP INC,10009,7965
19860117,CABOT MEDICAL CORP,10010,7967
19880608,A T C ENVIRONMENTAL INC,10011,9813
19961018,A T C GROUP SERVICES INC,10011,9813
19860122,DENSE PACIFIC MICROSYSTEMS INC,10012,7969
20010821,D P A C TECHNOLOGIES CORP,10012,7969
19860122,ARIZONA APPETITOS STORES INC,10013,7825
19260104,ALASKA JUNEAU GOLD MNG CO,10014,22157
19590626,A J INDUSTRIES INC,10014,22157
19830920,A & M FOOD SERVICES INC,10015,6398
19860124,FIGGIE INTERNATIONAL HLDGS INC,10016,1728
19861229,FIGGIE INTERNATIONAL INC DEL,10016,1728
19980526,SCOTT TECHNOLOGIES INC,10016,1728
19860124,CONCURRENT COMPUTER CORP,10017,7970
19860124,DELTA COMPUTEC INC,10018,7943
19860124,I F R SYSTEMS INC,10019,7971
19860127,KEY CENTURION BANCSHARES,10020,7972
19860127,BRAINERD INTERNATIONAL INC,10021,7973
19251231,AMERICAN SAFETY RAZOR CORP,10022,22158
19570701,A S R PRODS CORP,10022,22158
19721214,A A I CORP,10023,22159
19860129,DOCUGRAPHIX INC,10024,7663
19860130,A E P INDUSTRIES INC,10025,7975
19860204,J & J SNACK FOODS CORP,10026,7976
19860204,TELECOMMUNICATIONS NETWORK INC,10027,7977
19860205,CANYON STATE CORP,10028,7978
19860625,AMERICAN PACIFIC MINT INC,10028,7978
19920724,DALLAS GOLD & SILVER EXCHANGE IN,10028,7978
20010705,D G S E COMPANIES INC,10028,7978
20191218,ENVELA CORP,10028,7978
19860205,A I F S INC,10029,7979
19251231,AMERICAN BRAKE SHOE & FDRY,10030,22160
19430427,AMERICAN BRAKE SHOE CO,10030,22160
19660506,ABEX CORP,10030,22160
19831207,A A IMPORTING INC,10031,6672
19860205,PLEXUS CORP,10032,7980
19860205,MIDAMERICA BANCSYSTEM INC,10033,7981
19860206,HOME & CITY SVGS BK ALBANY NY,10034,7982
19860206,GOOD GUYS INC,10035,7983
19860206,NEUROTECH CORP,10036,7984
19860206,FRANKLIN S & L ASSN STHPLD MI,10037,7985
19881130,FRANKLIN SAVINGS BANK FSB,10037,7985
19910903,FRANKLIN BANK NATL ASSOC,10037,7985
20021024,FRANKLIN BANCORP INC,10037,7985
19860206,PORTS OF CALL INC,10038,7986
19900521,P O C I INC,10038,7986
19860207,XIOX CORP,10039,7987
20000403,AT COMM CORP,10039,7987
19860207,HARVARD SECURITIES GROUP PLC,10040,7988
19880621,HARVARD GROUP PLC,10040,7988
19860207,4G DATA SYSTEMS INC,10041,7989
19860207,CANYON RESOURCES CORP,10042,7990
19860211,ANALYSIS & TECHNOLOGY INC,10043,7991
19860211,ROCKY MOUNTAIN CHOCOLATE FAC INC,10044,7992
20150302,ROCKY MOUNTAIN CHOC FAC INC NEW,10044,7992
19860211,OLIVERS STORES INC,10045,7993
19860214,COMMERCIAL PROGRAMMING UNLMTD,10046,7994
19940801,UNIVERSAL FRANCHISE OPPTYS CORP,10046,7994
19860211,TEXSTYRENE CORP,10047,7995
19891023,ARIS CORP,10047,7995
19910416,LAMONTS CORP,10047,7995
19921102,LAMONTS APPAREL INC,10047,7995
19860212,CENTURY COMMUNICATIONS CORP,10048,7996
19251231,ABITIBI POWER & PAPER LTD,10049,22161
19721229,AMERICAN BLDGS CO,10050,13
19780103,A B C INVESTMENT CO,10050,13
19860214,SEQUEL CORP,10051,7999
19890814,HANGER ORTHOPEDIC GROUP INC,10051,7999
20120614,HANGER INC,10051,7999
19860214,VIDEO LIBRARY INC,10052,8000
19860214,CARDINAL INDUSTRIES INC,10053,8001
19860214,BIO NUTRIONICS INC,10054,8002
19860214,GREAT AMERICAN RECREATION INC,10055,8003
19860214,NEW MILFORD SAVINGS BANK,10056,8005
19871020,NEWMIL BANCORP INC,10056,8005
19251231,NATIONAL ACME CO,10057,20020
19681028,ACME CLEVELAND CORP,10057,20020
19911001,ACME CLEVELAND CORP NEW,10057,20020
19721214,A B K C O INDUSTRIES INC,10058,20
19860224,ORANGE FREE STATE INVESTMENT LTD,10059,8006
19860224,FREE STATE CONSOL GOLD CO LTD,10060,8007
19860219,UNITED SAVINGS BANK VIENNA VA,10061,8008
19860219,NORTHEAST OHIO AXLE INC,10062,8009
19860513,N E O A X INC,10062,8009
19891115,ENVIROSOURCE INC,10062,8009
19860219,N M R CENTERS INC,10063,7842
19870514,AMERICAN HEALTH SVCS CORP,10063,7842
19860220,TYCO TOYS INC,10064,8010
19251231,ADAMS EXPRESS CO,10065,20023
19830825,ABM COMPUTER SYS,10066,6331
19870227,FRANKLIN TELECOMMUNICATIONS CORP,10066,6331
20080122,FRANKLIN WIRELESS CORP,10066,6331
19860220,HYGEIA SCIENCES INC,10067,8011
19860221,AMERICAN PROPERTY GROUPS INC,10068,8012
19860224,ACA JOE INTERCON LTD,10069,8013
19860227,DIGITEXT INC,10070,8014
19860228,ALEX BROWN INC,10071,8015
19860228,DEWS LABORATORIES INC,10072,8016
19880112,SUMMA RX LABORATORIES INC,10072,8016
19251231,ADVANCE RUMELY CO,10073,22162
19310209,ADVANCE RUMELY CORP,10073,22162
19820118,A B S INDUSTRIES INC,10074,5271
19860303,V W R CORP,10075,8018
19950928,V W R SCIENTIFIC PRODUCTS CORP,10075,8018
19860303,SCAT HOVERCRAFT INC,10076,8019
19860410,SPROUSE REITZ STORES INC,10077,8020
19860304,SUN MICROSYSTEMS INC,10078,8021
19860304,GENERAL COMPUTER CORP,10079,8022
19860305,MOORE HANDLEY INC,10080,8024
19251231,AHUMADA LEAD CO,10081,22163
19830321,A C S ENTERPRISE INC,10082,5793
19921215,A C S ENTERPRISES,10082,5793
19860305,TEKNOWLEDGE INC,10083,8026
19890227,CIMFLEX TEKNOWLEDGE CORP,10083,8026
19860305,CRAFTMATIC CONTOUR INDS INC,10084,8027
19930719,CRAFTMATIC INDUSTRIES INC,10084,8027
19860306,UNITED INSURANCE COS INC,10085,8029
19960702,U I C I,10085,8029
19860306,L S B BANCSHARES INC SC,10086,8030
19860306,BEAUTICONTROL COSMETICS INC,10087,8031
19860306,V R BUSINESS BROKERS INC,10088,7956
19860307,SYNERCOM TECHNOLOGY INC,10089,8033
19950421,ALPHA TECHNOLOGIES GROUP INC,10089,8033
19860307,AMERICAN MOBILE SYSTEMS INC,10090,7390
19860307,INTERACTIVE TECHNOLOGIES INC,10091,8034
19860307,LEISURE CONCEPTS INC,10092,8035
19951117,4 KIDS ENTERTAINMENT INC,10092,8035
19860307,ASSOCIATED INNS & REST CO AMER,10093,8036
19871230,AIRCOA HOSPITALITY SVCS INC,10093,8036
19860307,TUESDAY MORNING INC,10094,8037
19911101,TUESDAY MORNING CORP,10094,8037
19860307,SYNERGEN INC,10095,8038
19860311,CITIZENS BANK NC,10096,8039
19860310,FACELIFTERS HOME SYSTEMS INC,10097,7907
19860311,POLY TECH INC,10098,8040
19860311,AMERICAN BIOMATERIALS CORP,10099,8041
19860311,AMERICAN CLAIMS EVALUATION INC,10100,8042
20100323,AMERICAN LEARNING CORP NY,10100,8042
19860312,PACER CORP WA,10101,8044
19251231,AIR REDUCTION INC,10102,22164
19711001,AIRCO INC,10102,22164
19770323,A C S INDUSTRIES INC,10103,52
19860312,ORACLE SYSTEMS CORP,10104,8045
19950601,ORACLE CORP,10104,8045
19860312,TOPS MARKETS INC,10105,8046
19860312,LINCOLN MUTUAL SAVINGS BANK,10106,8047
19860314,LINCOLN SAVINGS BANK CARNEGIE PA,10106,8047
19860313,MICROSOFT CORP,10107,8048
19860313,SUNGARD DATA SYSTEMS INC,10108,8049
19860313,FIRST FED S & L ASSN COEUR ID,10109,8050
19890814,MOUNTAIN WEST SAVINGS BANK F S B,10109,8050
19251231,AJAX RUBR INC,10110,22165
19721214,A D A FINANCIAL SERVICE CORP,10111,22166
19860313,IFEX INC,10112,8053
20100721,ADVISORSHARES TRUST,10113,53202
19880622,ACCLAIM ENTERTAINMENT INC,10114,9831
19860314,COMMUNITY SAVINGS BANK MA,10115,8057
19860314,HALSEY DRUG INC,10116,8028
20040813,ACURA PHARMACEUTICALS INC,10116,8028
19860317,U M B EQUITIES INC,10117,8060
19860318,CONSOLIDATED HYDRO INC,10118,8063
19860318,20TH CENTURY INDUSTRIES CA,10119,8064
19910916,20TH CENTURY INDUSTRIES,10119,8064
20000103,21ST CENTURY INSURANCE GROUP,10119,8064
19860318,PIPER JAFFRAY INC,10120,8065
19930212,PIPER JAFFRAY COS INC,10120,8065
19860318,MARINE CORP IL,10121,8066
19860318,MEDFORD SVGS BK MA,10122,8067
19870804,REGIONAL BANCORP INC,10122,8067
19930723,MEDFORD SAVINGS BANK,10122,8067
19971126,MEDFORD BANCORP INC,10122,8067
19880421,ACKERLEY COMMUNICATIONS INC,10123,9754
19970221,ACKERLEY GROUP INC,10123,9754
19860319,LEARNING TECHNOLOGY INC,10124,8070
19860320,DISCOVERY ASSOCIATES INC,10125,8055
19880928,LEOS INDUSTRIES INC,10125,8055
19860320,ONE VALLEY BANCORP WEST VA INC,10126,8072
19960502,ONE VALLEY BANCORP INC,10126,8072
19860325,PARIS BUSINESS FORMS INC,10127,8074
19860325,LA MAN CORP,10128,8075
19981103,DISPLAY TECHNOLOGIES INC,10128,8075
19251231,ALL AMER CABLES INC,10129,22167
19860325,NEWNAN FEDERAL S & L ASSN GA,10130,8076
19900116,NEWNAN SAVINGS BANK FSB,10130,8076
19960823,NEWNAN HOLDINGS INC,10130,8076
19970114,FIRST CITIZENS CORP,10130,8076
19860326,S B T CORP CT,10131,8077
19860326,NATIONAL INDUSTRIAL BANCORP INC,10132,8078
19860327,TELEQUEST INC,10133,8080
19860401,EMPIRE GAS CORP NEW,10134,8082
19860401,FIRST FEDERAL SVGS ARKANSAS FA,10135,8084
19860401,COMMUNICATION CABLE INC,10136,8085
19251231,AMERICAN WATER WORKS & ELEC INC,10137,20045
19480116,WEST PENN ELECTRIC CO,10137,20045
19601110,ALLEGHENY POWER SYSTEMS INC,10137,20045
19971001,ALLEGHENY ENERGY INC,10137,20045
19860402,T ROWE PRICE ASSOC INC,10138,8087
20001229,T ROWE PRICE GROUP INC,10138,8087
19880621,ADMIRAL FINANCIAL CORP,10139,9830
19860402,SEALRIGHT COMPANY INC,10140,8089
19860402,GANDER MOUNTAIN INC,10141,8090
19860403,IMTEC INC,10142,8091
19860403,ONCOGENE SCIENCE INC,10143,8092
19971001,O S I PHARMACEUTICALS INC,10143,8092
19860404,NATIONAL INSTITUTE CAREERS INC,10144,8058
19251231,ALLIED CHEMICAL & DYE CORP,10145,22168
19580428,ALLIED CHEMICAL CORP,10145,22168
19810428,ALLIED CORP,10145,22168
19850919,ALLIED SIGNAL INC,10145,22168
19991202,HONEYWELL INTERNATIONAL INC,10145,22168
19721214,APPLICATION ENGR CORP,10146,314
19820817,A E C INC,10146,314
19860404,E M C CORP MA,10147,8093
19860404,TRADITIONAL INDUSTRIES INC,10148,8094
19860404,EAGLE BANCSHARES INC,10149,8095
19860404,TRANS LEASING INTL INC,10150,8096
19971219,TLII LIQUIDATING CORP,10150,8096
20100709,ADVISORSHARES TRUST,10151,53202
19860408,ADVANCE DISPLAY TECHNOLOGIES INC,10152,8099
19251231,ALLIS CHALMERS CORP,10153,22169
19620702,ALLIS CHALMERS MFG CO,10153,22169
19710512,ALLIS CHALMERS CORP,10153,22169
19721214,AMERICAN ELECTR LABS INC,10154,81
19761001,A E L INDUSTRIES INC,10154,81
19860408,ELECTRIC & GAS TECHNOLOGY INC,10155,8079
19860408,HANSON JOHN S & L INC,10156,8100
19860828,HANSON JOHN SAVINGS BANK FSB,10156,8100
19901101,HANSON JOHN BANCORP INC,10156,8100
19860408,NORTH SIDE SAVINGS BANK BRONX,10157,8101
20100722,AMERESCO INC,10158,53454
19860409,INTERFERENCE CONTROL TECHS IND,10159,8103
19860410,SANDSPORT DATA SERVICES INC,10160,8105
19870730,SANDATA INC,10160,8105
20011130,SANDATA TECHNOLOGIES,10160,8105
19251231,AMERICAN METAL LTD,10161,20063
19571230,AMERICAN METAL CLIMAX INC,10161,20063
19740628,AMAX INC,10161,20063
19730112,A E S TECHNOLOGY SYSTEMS INC,10162,88
19860410,X RITE INC,10163,8106
19860410,CAMBRIDGE ANALYTICAL ASSOC INC,10164,8107
19860411,LAFAYETTE BANCORP INC,10165,8109
19860411,LONG LAKE ENERGY CORP,10166,8110
19860411,ENCHANTED VILLAGE INC,10167,6311
19860414,ARNOX CORP,10168,7814
19860414,SPORTS MARKETING INC,10169,8112
19860414,FAMILY STEAK HOUSES FL INC,10170,8113
19860414,CHARTWELL GROUP LTD,10171,8114
19860416,GRANITE COOP BK NORTH QUINCY MA,10172,8115
19860416,SEABOARD SAVINGS & L ASSN VA BCH,10173,8116
19901101,SEABOARD BANCORP INC,10173,8116
19860417,JEFFERSON NATIONAL BANK NY,10174,8117
19860417,BARRYS JEWELERS INC,10175,8118
19860418,THERMAL EXPLORATION CO,10176,8119
19860421,INVESTMENT RES & TECHNOLOGY INC,10177,8120
19860605,SPEAR FINANCIAL SERVICES INC,10177,8120
19930618,J M C GROUP INC,10177,8120
19990901,FECHTOR DETWILER MITCHELL & CO,10177,8120
20010327,DETWILER MITCHELL & CO,10177,8120
19860422,WESTERN PUBLISHING GROUP INC,10178,8121
19960509,GOLDEN BOOKS FAMILY ENT INC,10178,8121
19860422,ROCHESTER COMMUNITY SVGS BK NY,10179,8122
19950901,R C S B FINANCIAL INC,10179,8122
19880408,AKORN INC,10180,9743
19860422,MUNICIPAL DEVELOPMENT CORP,10181,8124
19860423,TECH DATA CORP,10182,8125
19860423,E R C INDUSTRIES INC,10183,10090
19880229,ALFA INTERNATIONAL CORP,10184,9699
19860424,MERRILL CORP,10185,8128
19860424,SOUTHWEST CAPITAL CORP,10186,8129
19860424,HEALTHPLEX INC,10187,7966
19251231,AMERICAN BOSCH MAGNETO CORP,10188,22170
19301217,UNITED AMERICAN BOSCH CORP,10188,22170
19380927,AMERICAN BOSCH CORP,10188,22170
19540721,AMERICAN BOSCH ARMA CORP,10188,22170
19680425,AMBAC INDUSTRIES INC,10188,22170
19721214,A F A PROTECTIVE SYSTEMS INC,10189,93
19860425,COLOROCS CORP,10190,8104
19860425,TEXCEL INTERNATIONAL INC,10191,8130
19860425,M S CARRIERS INC,10192,8131
19860428,RUBICON CORP,10193,8071
19921207,OSPREY HOLDING INC,10193,8071
19860428,SOMERSET GROUP INC,10194,8132
19860428,C TEC CORP,10195,1221
19971010,COMMONWEALTH TELE ENTRPS INC,10195,1221
19251231,AMERICAN & FGN PWR INC,10196,22171
19721214,A F C O A,10197,22172
19860428,DEL PAINT CORP,10198,8133
19860429,ARBOR DRUGS INC,10199,8134
19860429,REPLIGEN CORP,10200,8135
20100723,ATLANTIC POWER CORP,10201,53455
19860429,CAPITAL WIRE & CABLE CORP,10202,8137
19860430,PIONEER SAVINGS BANK INC NC,10203,8138
19881229,PIONEER BANCORP INC,10203,8138
19860501,UNITEL CORP,10204,8139
19860502,LAWRENCE SAVINGS BANK,10205,8140
19880108,INTREX FINANCIAL SERVICES INC,10205,8140
19911028,LAWRENCE SAVINGS BANK NEW,10205,8140
20010702,L S B CORP,10205,8140
19860502,EDUCATION SYSTEMS & PUB CORP,10206,8141
19880607,AMERICAS ALL SEASON FUND INC,10207,9806
19950518,ALL SEASONS GLOBAL FUND INC,10207,9806
19961107,ROYCE GLOBAL TRUST INC,10207,9806
19990510,ROYCE FOCUS TRUST INC,10207,9806
20150309,SPROTT FOCUS TRUST INC,10207,9806
19860505,INSTRUCTIVISION INC,10208,8143
19251231,AMERICAN AGRIC CHEM CO,10209,22173
19860505,FIRST FEDERAL SVGS BK GA WINDER,10210,8144
19860505,WESTCORP,10211,8145
19880411,WESTCORP INC,10211,8145
19860506,INFRASONICS INC,10212,7278
19860506,AMERICAN TRAVELLERS CORP,10213,8146
19860506,PLASTI LINE INC,10214,8147
19860507,UNITED STATES VIDEO VENDING CORP,10215,8052
19860507,TRILLING RESOURCES LTD,10216,7183
19871112,TRILLING MEDICAL TECHS INC,10216,7183
19910531,WATER JEL TECHNOLOGIES INC,10216,7183
19980224,X CEED INC,10216,7183
19990203,XCEED INC,10216,7183
20001129,WORLDWIDE XCEED GROUP INC,10216,7183
19251231,AMERICAN BANK NOTE CO,10217,22174
19801014,AUTOMATIC FILM PROCESS,10218,109
19821129,A F P IMAGING CORP,10218,109
19860507,TELESIS SYSTEMS CORP,10219,8148
20100802,BABCOCK & WILCOX CO NEW,10220,53456
20150701,B W X TECHNOLOGIES INC,10220,53456
19860507,IMAGE MANAGEMENT SYSTEMS INC,10221,8150
19860507,FRETTER INC,10222,8151
20100721,CAMELOT INFORMATION SYSTEMS INC,10223,53458
19860507,REGENCY CRUISES INC,10224,7611
19251231,AMERICAN TOB CO,10225,20067
19690701,AMERICAN BRANDS INC,10225,20067
19970602,FORTUNE BRANDS INC,10225,20067
20111004,BEAM INC,10225,20067
19721214,A G C INDUSTRIES INC,10226,22175
19860507,KIMMINS INDUSTRIAL SERVICE CORP,10227,8153
19860908,KIMMINS CORP,10227,8153
19860507,INTERFUND CORP,10228,8154
19860507,NORTH AMERICAN COMMUNS CORP NEW,10229,8155
19860508,ANDOVER SAVINGS BANK MASS,10230,8156
19871102,ANDOVER BANCORP INC DEL,10230,8156
19860508,COMMUNITY BANKSHARES INC NH,10231,8157
19860508,ELMIRA SAVINGS BANK FSB NY,10232,8158
20120605,ELMIRA SAVINGS BANK NY,10232,8158
19251231,FAMOUS PLAYERS LASKY CORP,10233,22176
19270401,PARAMOUNT FAMOUS LASKY CORP,10233,22176
19300424,PARAMOUNT PUBLIX CORP,10233,22176
19350828,PARAMOUNT PICTURES INC,10233,22176
19491231,UNITED PARAMOUNT THEATRES INC,10233,22176
19530209,AMERICAN BROADCASTING PARAMOUNT,10233,22176
19671212,AMERICAN BROADCASTING COS INC,10233,22176
19721214,A G M INDUSTRIES INC,10234,118
19860508,AMERICAN PASSAGE MRKTING CORP,10235,8159
19890227,SEATTLE FILMWORKS INC,10235,8159
20000201,PHOTOWORKS INC,10235,8159
19860508,WEBSTER CLOTHES INC,10236,8160
19860508,INTERNATIONAL SURGICAL & PHRM CP,10237,8161
19860509,BAY VIEW FED S & L ASSN CA,10238,8164
19890801,BAY VIEW CAPITAL CORP,10238,8164
20060501,GREAT LAKES BANCORP INC NEW,10238,8164
19860509,BALDWIN & LYONS INC,10239,714
20180801,PROTECTIVE INSURANCE CORP,10239,714
19860509,WOMENS HEALTH CNTRS OF AMER INC,10240,8167
19251231,AMERICAN CAN CO,10241,22177
19870428,PRIMERICA CORP,10241,22177
19860512,TRANS FINANCIAL BANCORP INC,10242,8168
19950510,TRANS FINANCIAL INC,10242,8168
19860512,ATLANTIC FEDERAL SAVINGS BANK MD,10243,8169
19881108,ATLANFED BANCORP INC,10243,8169
19860512,DASIBI ENVIRONMENTAL CORP,10244,8170
19891228,POLLUTION RESEARCH & CTRL CORP,10244,8170
19860513,SHELLY ASSOCIATES INC,10245,8171
19860513,MID SOUTH INSURANCE CO,10246,8172
19860513,GANTOS INC,10247,8173
19950403,GANTOS INC NEW,10247,8173
19860513,CIMCO,10248,8174
19870925,CIMCO INC,10248,8174
19860513,SPORTSMANS GUIDE INC,10249,8175
19860513,MERIDIAN NATIONAL CORP,10250,8176
19860514,FIRST AMERN SVGS F A PA,10251,8178
19890616,FLAGSHIP FINANCIAL CORP,10251,8178
19860514,INDEPENDENT BANK CORP MA,10252,8179
19860514,THOROUGHBREDS USA INC,10253,7922
19860915,NEW SKY COMMMUNICATIONS INC,10253,7922
20040422,DOCUMENT SECURITY SYSTEMS INC,10253,7922
20211001,D S S INC,10253,7922
19860514,STERLING INC,10254,8180
19860515,VERTICOM INC,10255,8182
19860515,OLD DOMINION SYSTEM INC,10256,8183
19891020,MICROLOG CORP,10256,8183
19860515,DIGITAL SOLUTIONS INC,10257,8185
19990216,TEAMSTAFF INC,10257,8185
20120627,D L H HOLDINGS CORP,10257,8185
19860515,T CELL SCIENCES INC,10258,8186
19980824,AVANT IMMUNOTHERAPEUTICS INC,10258,8186
20081001,CELLDEX THERAPEUTICS INC,10258,8186
19860515,SIGMA DESIGNS INC,10259,8187
19860515,ALLSTAR VIDEO INC,10260,8188
19860515,MOUNTAINEER BANKSHARES WV,10261,8189
19860516,COGNITIVE SYSTEMS INC,10262,8190
19860516,LOWELL INSTITUTION FOR SAVINGS,10263,8192
19871006,MERRIMACK BANCORP INC MA,10263,8192
19860516,UNIVATION INC,10264,8191
19860516,F & M FINANCIAL SVCS CORP,10265,8193
19860516,WALTHAM SAVINGS BANK,10266,8194
19871002,WALTHAM CORP,10266,8194
19910513,STERLING BANCSHARES CORP,10266,8194
19860516,NIAGARA EXCHANGE CORP,10267,8195
19251231,AMERICAN ICE CO,10268,22178
19610922,AMERICAN CONSUMER INDS INC,10268,22178
19830721,A I A INDUSTRIES INC,10269,6202
19860516,SAVECO INC,10270,8196
19860528,MASSBANK FOR SAVINGS,10271,8197
19861202,MASSBANK CORP,10271,8197
19860516,TEKELEC,10272,8198
19860519,LANDMARK BANK FOR SAVINGS MA,10273,8199
19860519,BETA PHASE INC,10274,8200
19860519,SENETEK PLC,10275,8201
19251231,AMERICAN BEET SUGAR CO,10276,22179
19340809,AMERICAN CRYSTAL SUGAR CO,10276,22179
19721214,A I D INC DE,10277,134
19860520,HENLEY GROUP INC,10278,8166
19890103,WHEELABRATOR GROUP INC,10278,8166
19890825,WHEELABRATOR TECHNOLOGIES INC NW,10278,8166
19860520,GENETICS INSTITUTE INC,10279,8202
19860520,PROTOCOM DEVICES INC,10280,8203
19860520,AUTOINFO INC,10281,8204
19860521,BRENDLES INC,10282,8205
19860521,APPLIED OPTICS INC,10283,8206
19251231,AMERICAN EXPRESS CO,10284,90
19811029,A I M TELEPHONES INC,10285,5148
19860521,PROSPECT GROUP INC,10286,8208
19860520,A T I MEDICAL INC,10287,8209
19860522,BEAR AUTOMOTIVE SVC EQUIP CO,10288,8210
19880405,ANGIO MEDICAL CORP,10289,9134
19860523,HARLEYSVILLE GROUP INC,10290,8212
19860527,FAMIGLIA INDUSTRIES INC,10291,8177
19880225,FAMIGLIA BRANDS INC,10291,8177
19251231,AMERICAN CHICLE CO,10292,22181
19830615,A I N LEASING CORP,10293,6069
19860527,HAVERTY FURNITURE COS INC,10294,2089
19860527,MICRO MEMBRANES INC,10295,8215
19860527,GRENADA SUNBURST SYS CORP,10296,8216
19860527,LAKE SUNAPEE SVNG BANK FSB,10297,8217
19890707,NEW HAMPSHIRE THRIFT BNCSHRS INC,10297,8217
20150601,LAKE SUNAPEE BANK GROUP,10297,8217
19860527,AQUASCIENCES INTERNATIONAL INC,10298,8218
19860528,LINEAR TECHNOLOGY CORP,10299,8220
19860528,WORLDWIDE COMPUTER SVCS INC,10300,8219
19860529,TRANSFORM LOGIC CORP,10301,8221
19860529,CYPRESS SEMICONDUCTOR CORP,10302,8222
19860529,PRIME CAPITAL CORP,10303,8223
19860529,AMCORE FINANCIAL INC,10304,8224
19251231,AMERICAN DRUGGISTS SYND,10305,22182
19721214,A I T S INC,10306,145
19860529,MODULAR TECHNOLOGY INC,10307,8226
19881102,MILLER BUILDING SYSTEMS INC,10307,8226
19860602,TOMPKINS COUNTY TRUST CO NY,10308,8228
19960102,TOMPKINS COUNTY TRUSTCO INC,10308,8228
19990514,TOMPKINS TRUSTCO INC,10308,8228
20070604,TOMPKINS FINANCIAL CORP,10308,8228
19860602,SKANEATELES SAVINGS BANK NY,10309,8229
19900418,CENTER BANKS INC,10309,8229
19970416,SKANEATELES BANCORP INC,10309,8229
19860602,WORLDGROUP COMPANIES INC,10310,8230
19860603,ALLISONS PLACE INC,10311,8231
19860603,PREMIER TECHNOLOGY HOLDING INC,10312,8232
19251231,AMERICAN INTERNATIONAL CORP,10313,22183
19801007,AM CABLE TV INDS INC,10314,255
19861223,A M COMMUNICATIONS INC,10314,255
19860603,NETWORK VIDEO INC,10315,8233
19860603,CAMERA PLATFORMS INTL INC,10316,8234
19860603,TEL MAN INC,10317,8235
19870102,SOUTHERNNET INC,10317,8235
19860603,BALCHEM CORP,10318,8237
19860604,MID HUDSON SVGS BK FSB FISHKILL,10319,8240
19891221,FIRST INTER BANCORP INC,10319,8240
19860604,AMERICAN BIONETICS INC,10320,8239
19251231,NASH MOTORS CO,10321,22184
19370108,NASH KELVINATOR CORP,10321,22184
19540503,AMERICAN MOTORS CORP,10321,22184
19860604,BROOKFIELD FED BANK FOR SVGS IL,10322,8241
19880801,BROOKFIELD BANCSHARES CORP,10322,8241
19860605,COMPUTER AIDED TIME SHARE INC,10323,8242
19860605,GENZYME CORP,10324,8243
19860605,BAKER J INC,10325,8244
20010227,CASUAL MALE CORP MASS,10325,8244
19860605,NYTEST ENVIRONMENTAL INC,10326,8245
19860605,UNITED SAVINGS BANK SALEM,10327,8246
19860605,HANA BIOLOGICS INC,10328,8248
19910318,SOMATIX THERAPY CORP,10328,8248
19860606,STATESWEST AIRLINES INC,10329,8250
19860606,NEW STAR ENTERTAINMENT INC,10330,8249
19860606,TOWER FEDERAL SAVINGS BANK IN,10331,8251
19860606,NATURAL ORGANICS CORP,10332,8252
19871229,CLASSIC AUTO ACCESSORIES N AMER,10332,8252
19880822,F C R AUTOMOTIVE GROUP INC,10332,8252
19860606,XOMA CORP,10333,8254
19990104,XOMA LTD,10333,8254
20120103,XOMA CORP,10333,8254
19860606,CAL STAR FINANCIAL SVCS INC,10334,8255
19860609,SUN STATE S & L ASSN PHOENIX AZ,10335,8256
19860609,COIN PHONES INC,10336,8259
19860609,PALM SPRINGS SAVINGS BANK,10337,8260
19880628,APOLLO S & L CO CINCINNATTI OH,10338,9839
19860610,AMITY BANK CT,10339,8262
19870225,AMITY BANCORP INC,10339,8262
19930712,C B C BANCORP INC,10339,8262
19860610,FIRST GRANITE BANCORP INC IL,10340,8263
19860610,ABINGTON SAVINGS BANK MASS,10341,8264
19880201,ABINGTON BANCORP INC,10341,8264
19921230,ABINGTON SAVINGS BANK,10341,8264
19970131,ABINGTON BANCORP INC NEW,10341,8264
19860610,INAMED CORP,10342,8265
19860610,INFINITY BROADCASTING CORP,10343,8266
19860610,LINCOLN FOODSERVICE PRODS INC,10344,8267
19860610,CROWLEY FINANCIAL SVCS INC,10345,8269
19860610,312 FUTURES INC,10346,8270
19860829,JACK CARL 312 FUTURES INC,10346,8270
19970603,I F X CORP,10346,8270
19880122,APPLIED SPECTRUM TECHN INC,10347,9659
19251231,AMERICAN LA FRANCE FIRE ENGINE,10348,22185
19271115,AMERICAN LA FRANCE FOAMITE CORP,10348,22185
19721214,AMERICAN FID LIFE INS CO,10349,101
19820730,A M F I CORP,10349,101
19860610,MEDPHONE CORP,10350,8273
19860610,PSICOR INC,10351,8274
19860611,MARIETTA CORP,10352,8276
19860611,ADAPTEC INC,10353,8275
20100623,A D P T CORP,10353,8275
20111005,STELL EXCEL INC,10353,8275
20150707,STEEL EXCEL INC,10353,8275
19860611,INTERNATIONAL CONSUMER BRDS INC,10354,8277
19860611,DAILY JOURNAL CO,10355,8278
19870408,DAILY JOURNAL CORP,10355,8278
19251231,AMERICAN LINSEED CO,10356,22186
19760526,A M I INDUSTRIES INC CO,10357,220
19860611,AMERICAN RELIANCE GRP INC,10358,8279
19901023,AMERICAN RELIANCE GROUP INC,10358,8279
19930723,ARI HOLDINGS INC,10358,8279
19880217,AUTOSPA AUTOMALLS INC,10359,9690
19880330,AVONDALE INDUSTRIES INC,10360,9732
19860611,ANDOVER TOGS INC,10361,8282
19860611,NORTH AMERICAN VENTURES INC,10362,8283
19920629,BUTLER INTERNATIONAL INC NEW,10362,8283
19860611,ADVANCED MAGNETICS INC,10363,8284
20070725,A M A G PHARMACEUTICALS INC,10363,8284
19251231,AMERICAN SMLT & REFNG CO,10364,20220
19750423,ASARCO INC,10364,20220
19820621,A M I SYSTEMS INC,10365,5554
19860611,SUBURBAN BANKSHARES INC,10366,8285
19860612,HOME SAVINGS & LOAN ASSN NC,10367,8286
19860612,TAUNTON SAVINGS BANK MA,10368,8287
19860612,WOBURN FIVE CENTS SAVINGS BANK,10369,8288
19880307,FIRST WOBURN BANCORP INC,10369,8288
19860613,SYBRA INC,10370,8289
19860616,CANDELA LASER CORP,10371,8290
19951213,CANDELA CORP,10371,8290
19251231,AMERICAN RADIATOR CO,10372,22187
19290405,AMERICAN RADIATOR & STD SAN CORP,10372,22187
19670601,AMERICAN STANDARD INC,10372,22187
19840511,A M S REALSTAR INC,10373,7023
19860617,DIGITAL METCOM INC,10374,8291
19860617,T C F BANKING & SAVINGS F A,10375,8292
19870930,T C F FINANCIAL CORP,10375,8292
19860617,NATIONAL SANITARY SUPPLY CO,10376,8293
19860618,CLIFF ENGLE LTD,10377,8294
19860617,OVABLOC INC,10378,8296
19860618,INTERNATIONAL GENETIC ENGR INC,10379,8297
19251231,AMERICAN REPS CORP,10380,22188
19810812,A N E F C O INC,10381,3182
19860618,ASTEC INDUSTRIES INC,10382,8299
19860618,CYTOGEN CORP,10383,8300
19860618,RUDYS RESTAURANT GROUP INC,10384,8301
19860618,A T N INC,10385,8303
19870713,AMERICAN TELEMEDIA NETWORK INC,10385,8303
19891226,A T N N INC,10385,8303
19860618,NATIONAL REFERENCE PUBG INC,10386,8302
19880725,N R P INC,10386,8302
19960430,A T C COMMUNICATIONS INC,10386,8302
19970829,A T C COMMUNICATIONS GROUP INC,10386,8302
19980713,AEGIS COMMUNICATIONS GROUP INC,10386,8302
19860618,WESTRONIX INC,10387,8304
19900712,FLAGSHIP EXPRESS INC,10387,8304
19860618,TRENWICK GROUP INC,10388,8305
20000928,TRENWICK GROUP LTD,10388,8305
19860618,NEECO INC,10389,8306
19860619,GLOBAL HEALTH SYSTEMS INC,10390,8308
19881115,G H S INC,10390,8308
19860619,CENTURY FEDERAL S & L ASSN NM,10391,8309
19860619,PEOPLES WESTCHESTER SAVINGS BANK,10392,8310
19860619,NEWPORT NEWS SAVINGS S & L ASSN,10393,8311
19870211,NEWPORT NEWS SAVINGS BK VA,10393,8311
19930104,TIDEMARK BANCORP INC,10393,8311
19860619,COSMETIC & FRAGRANCE CONC INC,10394,8313
19910228,COSMETIC CENTER INC,10394,8313
19860619,NAVIGATORS GROUP INC,10395,8314
19860619,COMPUTER COMPONENTS CORP,10396,8315
19860620,WERNER ENTERPRISES INC,10397,8317
19860626,INTERLEAF INC,10398,8318
19251231,AMERICAN SHIP & COMM CORP,10399,22189
19721214,A P F ELECTRONICS INC,10400,304
19251231,AMERICAN TELEPHONE & TELEG CO,10401,20103
19940421,A T & T CORP,10401,20103
19721214,ARLEN PROPERTY INVS SBI,10402,311
19750917,A P I TRUST SBI,10402,311
19860620,WORLDS OF WONDER INC,10403,8320
19860620,TRANSMEDIA NETWORK INC,10404,8321
20020201,IDINE REWARDS NETWORK INC,10404,8321
20031210,REWARDS NETWORK INC,10404,8321
19860623,IVY MEDICAL INC,10405,8322
19860620,CHOICE DRUG SYSTEMS INC,10406,8307
19951024,CAPSTONE PHARMACY SERVICES INC,10406,8307
19971204,PHARMERICA INC,10406,8307
19860624,ALOETTE COSMETICS INC,10407,8323
19860624,STUDENT AIDE CTRS AMERICA INC,10408,8213
19860624,AMERICAN HEALTH COS INC,10409,8324
19860625,JONES MEDICAL INDUSTRIES INC,10410,8326
19980522,JONES PHARMA INC,10410,8326
19860625,ROYCE LABORATORIES INC,10411,8327
19860625,GENICOM CORP,10412,8328
19860625,ROYALPAR INDUSTRIES INC,10413,8329
19860625,ELDEC CORP,10414,8330
19860626,NUTMEG INDUSTRIES INC,10415,8332
19860626,MICROBILT CORP,10416,8333
19860626,ALLOY COMPUTER PRODUCTS INC,10417,8335
19860626,A S A INTERNATIONAL LTD,10418,8336
19860626,CREATIVE TECHNOLOGIES CORP,10419,8337
19860626,RADVA CORP,10420,8338
19860626,SKYWEST INC,10421,8340
19860626,AUTOMATED LANGUAGE PROC SYS INC,10422,8339
19900108,ALPNET INC,10422,8339
19860627,SOUND ADVICE INC,10423,8342
19860627,CLEVITE INDUSTRIES INC,10424,8344
19860627,RYAN BECK & CO INC,10425,8345
19860627,BANK OF SAN FRANCISCO HLDG CO,10426,8346
19940627,SAN FRANCISCO CO,10426,8346
19860630,CAPFILM INC,10427,8348
19251231,AMERICAN TOB CO,10428,20067
19811001,A S K COMPUTER SYSTEMS INC,10429,5118
19921127,ASK GROUP INC,10429,5118
19860701,COLLEGE PLANNING SYSTEMS INC,10430,8350
19870721,C P S CORP PLANNING SVCS INC,10430,8350
19860701,SOUTH CAROLINA FED SVGS BK COLUM,10431,8351
19870820,SOUTH CAROLINA FEDERAL CORP,10431,8351
19860701,ARITECH CORP,10432,8352
19860701,FERTILITY & GENETICS RESH INC,10433,7904
19860701,L A GEAR INC,10434,8353
19860701,FIRST FEDERAL CAROLINAS FA,10435,7888
19880524,CAROLINA BANCORP INC NEW,10435,7888
19251231,AMERICAN ZINC LEAD & SMLT CO,10436,22191
19661202,AMERICAN ZINC CO,10436,22191
19860701,REPUBLIC AMERICAN CORP,10437,8354
19860701,HOME FEDERAL S & L ASSN SAN FRAN,10438,8355
19900904,HOME FEDERAL FINANCIAL CORP,10438,8355
19860701,CELLULAR INC,10439,8356
19940301,COMMNET CELLULAR INC,10439,8356
19860701,WATERFORD GLASS GROUP PLC,10440,8357
19860702,XYVISION INC,10441,8358
19860702,K L L M TRANSPORT SVCS INC,10442,8359
19860702,FLORIDA ROCK & TANK LINES INC,10443,8360
19890203,F R P PROPERTIES INC,10443,8360
20000301,PATRIOT TRANSPORTATION HLDG INC,10443,8360
20141205,F R P HOLDINGS INC,10443,8360
19251231,AMERICAN SUMATRA TOB CO,10444,22192
19721214,A R I INDUSTRIES INC,10445,340
19860702,POLK AUDIO INC,10446,8362
19860702,PLYMOUTH FIVE CENTS SAVINGS BANK,10447,8363
19860703,LEGUME INC,10448,8364
19860703,SOUTHINGTON SAVINGS BANK CT,10449,8365
19941117,BANCORP CONNECTICUT INC,10449,8365
19860703,FIRST MEDICAL DEVICES CORP,10450,8366
19860702,F H P CORP,10451,8367
19870116,F H P INTERNATIONAL CORP,10451,8367
19251231,AMERICAN WOOLEN CO,10452,22193
19880428,B F ENTERPRISES INC,10453,9761
19860707,GOLD EXPRESS CORP,10454,8369
19860707,ELECTRO FUNDS CORP,10455,8370
19870115,C M S ENHANCEMENTS INC,10455,8370
19940331,AMERIQUEST TECHNOLOGIES INC,10455,8370
19860708,C E M CORP,10456,8371
19880511,B F S BANKORP INC,10457,9776
19860709,SOMERSET SVGS BK SOMERVILLE MA,10458,8373
19881003,SOMERSET BANKSHARES INC,10458,8373
19921001,SOMERSET SAVINGS BANK,10458,8373
19860709,GENMAR INDUSTRIES INC,10459,8374
19251231,MANHATTAN ELECTRICAL SUPPLY INC,10460,20188
19300630,AMERICAN MACH & METALS INC,10460,20188
19611201,AMETEK INC,10460,20188
19860709,DIME SAVINGS BK WALLINGFORD CT,10461,8375
19881205,DIME FINANCIAL CORP,10461,8375
19860708,CALGENE INC,10462,8376
19860708,RESEARCH FRONTIERS INC,10463,8377
19860709,CONNECTICUT COMMUNITY BANK G,10464,8378
19860709,ACCEPTANCE INSURANCE HLDG INC,10465,8379
19860709,BROUGHER INSURANCE GROUP INC,10466,8380
19860710,WARREN FIVE CENTS SAVINGS BK MA,10467,8381
19881003,WARREN BANCORP INC,10467,8381
19860709,AMERICAN CRUISE LINES INC,10468,8383
19860710,DYNATEM INC,10469,8382
19860710,MORGAN OLMSTEAD KENNEDY GARD CAP,10470,8384
19860710,QUEST BIOTECHNOLOGY INC,10471,8388
19860711,SHOE CITY CORP,10472,8389
19860711,TIPTON CENTERS INC,10473,8390
19860711,EMPIRE ORR INC,10474,8391
19860711,RICHMOND HILL SVGS BK NY,10475,8393
19880517,B M R FINANCIAL GROUP INC,10476,9782
19860714,NATIONAL VISION SERVICES INC,10477,8395
19891219,N B S NATIONAL BENEFIT SRVCS INC,10477,8395
19901210,AVESIS INC,10477,8395
19860715,OLYMPIC INTERNATIONAL BK & TR CO,10478,8396
19880519,U S A BANCORP INC,10478,8396
19251231,AMERICAN SUGAR REFNG CO,10479,22194
19630422,AMERICAN SUGAR CO,10479,22194
19701029,AMSTAR CORP,10479,22194
19831018,A T V SYSTEMS INC,10480,6509
19860716,SUBURBAN BANCORP INC IL,10481,8400
19860717,WASTE RECOVERY INC,10482,8402
19860717,AMERICAN CAPACITY GROUP INC,10483,8403
19860717,WESTON ROY F INC NEW,10484,8404
19860717,FIRST AMERICAN BANK FOR SVGS BOS,10485,8405
19871221,FIRST AMERICAN BANCORP INC,10485,8405
19860717,CENTRAL BANK FOR SAVINGS CT,10486,8406
19870922,CENVEST INC,10486,8406
19251231,AMERICAN STEEL FOUNDRIES,10487,22195
19620123,AMSTED INDUSTRIES INC,10487,22195
19721214,AVM CORP,10488,418
19850515,AMERICAN LOCKER GROUP,10488,418
19860717,ASBESTEC INDUSTRIES INC,10489,8407
19860717,GARTNER GROUP INC,10490,8408
19860717,FIRST AMERI CABLE CORP,10491,8409
19860718,SUMMIT HOLDING CORP,10492,8410
19860717,NEOLENS INC,10493,8411
19860718,SANDWICH CO OPERATIVE BK MA,10494,8413
19971001,SANDWICH BANCORP INC,10494,8413
19251231,ANACONDA COPPER MNG CO,10495,22196
19550620,ANACONDA CO,10495,22196
19810309,A W COMPUTER SYSTEMS INC,10496,422
19860718,INTEX SOFTWARE SYS INTL LTD,10497,8412
19860718,GREATBANC INC,10498,8415
19860718,NICHOLS HOMESHIELD INC,10499,8416
19880505,BANK MARYLAND CORP,10500,9767
19860718,AMERICAN WOODMARK CORP,10501,8418
19860718,ATLANTIS MINING & MFG CO INC,10502,8419
19860721,DOMINION FEDERAL S & L ASSOC VA,10503,8420
19890703,TRUSTBANK SAVINGS F S B,10503,8420
19860722,BONNEVILLE PACIFIC CORP,10504,8421
19860722,JIFFY LUBE INTERNATIONAL INC,10505,8422
19860722,STEVES HOMEMADE ICE CREAM INC,10506,8423
19950808,INTEGRATED BRANDS INC,10506,8423
19860722,MEDICAL ACTION INDS INC,10507,7340
19251231,ANN ARBOR RR CO,10508,22197
19730228,AARON BROS CORP,10509,8
19860723,C B FINANCIAL CORP MICH,10510,8425
19860723,BOMBAY PALACE RESTS INC,10511,8428
19860723,IGENE BIOTECHNOLOGY INC,10512,8429
19860723,LIPOSOME COMPANY INC,10513,8430
19860724,TRANS WORLD MUSIC CORP,10514,8431
19940922,TRANS WORLD ENTERTAINMENT CORP,10514,8431
20200908,KASPIEN HOLDINGS INC,10514,8431
19860724,GROUNDWATER TECHNOLOGY,10515,8432
19960514,FLUOR DANIEL G T I INC,10515,8432
19251231,ARCHER DANIELS MIDLAND CO,10516,20207
19821104,AARON RENTS INC,10517,5674
20090420,AARONS INC,10517,5674
20201019,AARONS HOLDINGS CO INC,10517,5674
20201201,PROG HOLDINGS INC,10517,5674
19860724,PACIFIC SOUTHWEST AIRLINES NEW,10518,8433
19860724,IMAGINE FILMS ENTERTAINMENT INC,10519,8427
19860724,BERES INDUSTRIES INC,10520,8434
19860724,MAGNOLIA FOODS INC,10521,8426
19860725,CENTRAL JERSEY INDS INC,10522,8435
19860730,C J I INDUSTRIES INC NEW,10522,8435
19880711,TRIANGLE INDUSTRIES INC NEW,10522,8435
19860725,ALLURE COSMETICS LTD,10523,8436
19251231,ARMOUR & CO,10524,22198
19721214,AARONSON BROTHERS STORES CO,10525,346
19860725,SOUTHLIFE HOLDING CO,10526,8437
19860725,M N X INC,10527,8438
19940620,MARK VII INC,10527,8438
19860724,CELLULAR COMMUNICATIONS INC,10528,8439
19860728,COMMERCIAL SECURITY BANCORP,10529,8440
19860729,MERIDIAN DIAGNOSTICS INC,10530,8441
20010125,MERIDIAN BIOSCIENCE INC,10530,8441
19860730,GENERAL PARAMETRICS CORP,10531,8442
19960415,METAL MANAGEMENT INC,10531,8442
19251231,ARNOLD CONSTABLE CORP,10532,22199
19721214,ABERCROMBIE & FITCH CO,10533,22200
19860730,BANK OF STAMFORD CT,10534,8443
19890103,FAIRFIELD COUNTY BANCORP INC,10534,8443
19860730,FLORES DE NEW MEXICO INC,10535,8445
19860730,EDISON CONTROL CORP,10536,8446
19860730,SYNTRO CORP,10537,8447
19860731,AMERICAN LEARNING CORP,10538,8448
19860731,LEXITECH INTERNATIONAL DCN NW IN,10539,8450
19251231,ART METAL CONSTR CO,10540,22201
19721214,AMERICAN RUBBER & PLASTICS CORP,10541,349
19760227,A R P CORP,10541,349
19860801,NEW ENGLAND SAVINGS BANK CT,10542,8452
19870916,N E S B CORP,10542,8452
19860801,LIBERTY ACQUISITIONS CORP,10543,8453
19870112,CARIBBEAN SELECT INC,10543,8453
19860730,NATIONWIDE CELLULAR SERVICE INC,10544,8454
19860805,THERMO INSTRUMENT SYSTEMS INC,10545,8457
19860805,REPUBLIC S & L ASSN WI MILWAUKEE,10546,8456
19871130,REPUBLIC CAPITAL GROUP INC,10546,8456
19860806,A P A OPTICS INC,10547,8458
20040826,A P A ENTERPRISES INC,10547,8458
20080102,CLEARFIELD INC,10547,8458
19860806,NETWORK CONTROL CORP,10548,8459
19860807,AMERICAN EQUINE PRODUCTS INC,10549,8460
19860807,PRO DEX INC,10550,8461
19940531,PRO DEX INC COLO,10550,8461
19860807,GROVE HALL SVGS BANK MA BRIGHTON,10551,8462
19870515,GROVE BANK FOR SVGS BRIGHTON MA,10551,8462
19910524,GROVE BANK,10551,8462
19860807,FIRST SERVICE BANK SVGS LEOM MA,10552,8463
19860807,FIRST HOME FED S & L ASSN SEB FL,10553,8464
19860812,PINCH OR POUND INC,10554,8465
19860808,AMERICAN MEDICAL ELECTRONICS INC,10555,8466
19860808,STARS TO GO INC,10556,8467
19860808,GEONEX CORP,10557,8468
19860808,WEAREVER PROCTOR SILEX INC,10558,8469
19251231,ASSOCIATED DRY GOODS CORP,10559,22202
19870716,ABITIBI-PRICE INC,10560,20019
19970530,ABITIBI CONSOLIDATED INC,10560,20019
19860812,H & S TREAT & RELEASE,10561,8163
19920708,H & S TREAT & RELEASE INC,10561,8163
19860812,PENN SAVINGS BANK WYOMISSING PA,10562,8470
19871221,SOVEREIGN BANCORP INC,10562,8470
19860812,HORIZON BANK BELLINGHAM WA,10563,8472
19951016,HORIZON FINANCIAL CORP WASH,10563,8472
19860812,ADELPHIA COMMUNICATIONS CORP,10564,8473
19860813,COUNTY SAVINGS BANK CA,10565,8474
19890601,COUNTY BANK F S B CA,10565,8474
19860813,HOME FED SVGS BK NORTHERN OH,10566,8475
19890824,HAVERFIELD CORP,10566,8475
19251231,ASSOCIATED OIL CO,10567,22203
19820629,ABRAMS INDUSTRIES INC,10568,5580
20060717,SERVIDYNE INC,10568,5580
19860813,BANKING CENTER WATERBURY CT,10569,8477
19880509,CENTERBANK WATERBURY CT,10569,8477
19950710,CENTER FINANCIAL CORPORATION,10569,8477
19860812,AMERICAN TELEVISION & COM CP NEW,10570,8478
19860813,EATERIES INC,10571,8479
19860813,DEVON GROUP INC NEW,10572,8480
19860813,VILLAGE GREEN BOOKSTORE INC,10573,8481
19880202,BELMAC CORP,10574,9674
19960102,BENTLEY PHARMACEUTICALS INC,10574,9674
19251231,ATCHISON TOPEKA & SANTA FE RY CO,10575,22204
19721214,UNICOM INSURANCE GROUP INC,10576,41
19740522,ACADEMY INSURANCE GROUP INC,10576,41
19860814,MEDI RX AMERICA INC,10577,8484
19860814,ALTAI INC,10578,8485
19860814,TATUM PETROLEUM CORP,10579,8486
19860815,N F S FINANCIAL CORP,10580,8488
19860815,WORCESTER COUNTY INST FOR SVGS,10581,8489
19871214,BANKWORCESTER CORP,10581,8489
19860815,E A S TECHNOLOGIES INC,10582,8490
19251231,ATLANTA BIRMINGHAM & ATLANTIC RY,10583,22205
19810303,ACADIA PETROLEUM CORP,10584,30
19860818,HOLDER COMMUNICATIONS CORP,10585,8165
19870730,G M X COMMUNICATIONS INC,10585,8165
19860818,QUIPP INC,10586,8492
19860818,INTEGRATED COMPUTER GRAPHICS INC,10587,8471
19860819,GRANITE STATE BANKSHARES INC,10588,8493
19860819,ROADRUNNER ENTERPRISES INC,10589,8494
19880201,BIG TURTLE INC,10590,9671
19251231,ATLANTIC COAST LINE RR CO,10591,22206
19780921,ACAPULCO Y LOS ARCOS RESTAURANTE,10592,149
19840328,ACAPULCO RESTAURANTS,10592,149
19860819,TRANSNATIONAL INDUSTRIES INC,10593,8496
19860819,DIME SAVINGS BANK NY FSB,10594,8497
19940526,DIME BANCORP INC,10594,8497
19950116,DIME BANCORP INC NEW,10594,8497
19860820,NEW YORK CITY SHOES INC,10595,8498
19860820,PEOPLES SAVINGS BANK NEW BRIT CT,10596,8499
19890801,PEOPLES SAVINGS FINANCIAL CORP,10596,8499
19860820,FRANKLIN COMPUTER CORP,10597,8500
19900305,FRANKLIN ELECTRONIC PUBLSHS INC,10597,8500
19880602,BROAD NATIONAL BANCORP,10598,9802
19860821,AXLON INC,10599,8502
19880406,BUFFALO INC,10600,9742
19860821,CISTRON BIOTECHNOLOGY INC,10601,8504
19860821,TOTAL HEALTH SYSTEMS INC,10602,8505
19860821,F N B ROCHESTER CORP,10603,8506
19251231,ATLANTIC REFNG CO,10604,20227
19660503,ATLANTIC RICHFIELD CO,10604,20227
19751209,ACCELERATION CORP,10605,43
19870701,ACCEL INTERNATIONAL CORP,10605,43
19860821,WATTS INDUSTRIES INC,10606,8508
20031015,WATTS WATER TECHNOLOGIES INC,10606,8508
19860825,MERCHANTSBANK BOSTON COOP BANK,10607,6508
19870806,MERCHANTS CAPITAL CORP,10607,6508
19860825,GENERAL KINETICS INC,10608,8510
19860826,STAR SAVINGS & L ASSN SAYRE PA,10609,8512
19860826,MARBLE FINANCIAL CORP,10610,8513
19860826,ACME STEEL CO,10611,8514
19920526,ACME METALS INC,10611,8514
19251231,ATLANTIC GULF & WEST INDIES SS,10612,22207
19721214,ACCELERATORS INC,10613,22208
19860827,P & C FOODS INC,10614,8516
19860827,VIDEOPLEX INC,10615,8517
19860827,NORTH LAND S & L ASSN WI,10616,8518
19891016,NORTHLAND BANK OF WI SSB,10616,8518
19860827,CITY SAVING BANK CT,10617,8519
19860827,MULTI SOFT INC,10618,8520
19860827,MCCORMICK CAPITAL INC,10619,8521
19251231,ATLAS POWDER CO,10620,22209
19610531,ATLAS CHEMICAL INDUSTRIES INC,10620,22209
19810813,ACCU TEST SYS INC,10621,34
19870916,PACIFIC EASTERN CORP,10621,34
19860827,WESTERBEKE CORP,10622,8522
19860827,FIRST REPUBLIC BANCORP INC,10623,8523
19970915,FIRST REPUBLIC BANK S F,10623,8523
19860828,CORPORATE MANAGEMENT GRP INC,10624,8524
19950109,CHARLES J W FINANCIAL SVCS INC,10624,8524
19970508,J W CHARLES FINANCIAL SVCS INC,10624,8524
19980615,JWGENESIS FINANCIAL CORP,10624,8524
19880615,CASCADE INTERNATIONAL INC,10625,9820
19860828,LE PEEP RESTAURANTS INC,10626,8528
19860828,TINTORETTO INC,10627,8529
19860902,FRONTIER FINANCIAL CORP,10628,8533
19861017,FRONTIER ADJUSTERS AMERICA INC,10628,8533
19860902,F N B CORP PA,10629,8534
19860902,COMMERCE BANK CA,10630,8535
19870731,COMMERCEBANCORP CA,10630,8535
19860903,CALSTAR INC,10631,8536
19860903,SHELTON S & L ASSN INC CT,10632,8537
19880125,SHELTON SAVINGS BANK CONN,10632,8537
19890215,SHELTON BANCORP INC,10632,8537
19860903,S C S COMPUTE INC,10633,8538
19860904,CANONIE ENVIRONMENTAL SVCS CORP,10634,8539
19950228,SMITH ENVIRONMENTAL TECHS CORP,10634,8539
19960924,SMITH TECHNOLOGY CORP,10634,8539
19860904,EDINER INC,10635,8540
19860905,Q V C NETWORK INC,10636,8542
19940701,Q V C INC,10636,8542
19860905,VERTEX INDUSTRIES INC,10637,8543
20000426,VERTEX INTERACTIVE INC,10637,8543
19860905,HARLEYSVILLE NATIONAL CORP PA,10638,8544
19251231,ATLAS TACK CORP,10639,22210
19721214,INDUSTRIAL NUCLEONICS CORP,10640,50
19790702,ACCURAY CORP,10640,50
19860908,HEALTH EDUTECH INC,10641,8455
19860908,MUNSON GEOTHERMAL INC,10642,8546
19860909,PAIN SUPPRESSION LABS INC,10643,8547
19860909,THERAGENICS CORP,10644,8548
19860909,LAKELAND INDUSTRIES INC,10645,8549
19860910,GREAT EASTERN INTL INC,10646,8550
19890724,CABLE CAR BEVERAGE CORP,10646,8550
19251231,AUSTIN NICHOLS & CO INC,10647,22211
19721214,ACE INDUSTRIES INC,10648,22212
19860910,P A M TRANSPORTATION SVCS INC,10649,8551
19860910,FIRST SAVINGS BANK FSB CLOVIS NM,10650,8552
19961021,ACCESS ANYTIME BANCORP,10650,8552
19860911,BOULEVARD BANCORP INC,10651,8555
19860911,VICTORIA CREATIONS INC,10652,8556
19860911,UNIVERSITY BANK & TR CO NWT MA,10653,8557
19880602,UNIVERSITY BANK NATL ASSN NWT MA,10653,8557
19860911,MIDCONN BANK KENSINGTON CT,10654,8558
19251231,AUTO KNITTER HOSIERY INC,10655,22213
19721214,ACETO CHEMICAL CO INC,10656,37
19851121,ACETO CORP,10656,37
19860915,ADVO SYSTEM INC,10657,8561
19920124,ADVO INC,10657,8561
19860918,LUXTEC CORP,10658,8562
19860912,MED MOBILE INC,10659,8563
19891201,BIO REFERENCE LABORATORIES INC,10659,8563
19860915,DAYLIGHT INDUSTRIES INC,10660,8564
19860915,CYANOTECH CORP,10661,8565
19860916,GOLDEN VALLEY MICROWAVE FDS INC,10662,8566
19251231,AUTOSALES CORP,10663,22214
19721214,ACMAT CORP,10664,47
19860916,MAURY FEDERAL SAVINGS BANK TN,10665,8568
19860916,ENVIROSURE MANAGEMENT CORP,10666,8569
19860916,AIRSENSORS INC,10667,8570
19970915,IMPCO TECHNOLOGIES INC,10667,8570
20060825,FUEL SYSTEMS SOLUTIONS INC,10667,8570
19860917,HUNTER INTL TRADE CORP,10668,8572
19870501,FORST HUNTER INTL TRADE CORP,10668,8572
19860917,KENTUCKY MEDICAL INSURANCE CO,10669,8571
19860917,EXCEL BANCORP INC QUINCY MASS,10670,8573
19920929,QUINCY SAVINGS BANK,10670,8573
19251231,BALDWIN LOCOMOTIVE WKS,10671,22215
19501204,BALDWIN LIMA HAMILTON CORP,10671,22215
19721214,ACME GENERAL CORP,10672,46
19860918,BEVERLY SAVINGS BANK MASS,10673,8574
19860918,INNOVA PURE WATER INC,10674,8575
19860918,PULAWSKI S & L ASSN S RIVER NJ,10675,8577
19900601,PULSE BANCORP INC,10675,8577
19860918,INSITUFORM SOUTHEAST CORP,10676,8578
19901101,ENVIROQ CORP,10676,8578
19880406,CEASE FIRE CORP,10677,9740
19860922,BILDNER J & SONS INC,10678,8581
19860922,BEST BUY DRUGS INC,10679,8584
19860922,MR ROOTER CORP,10680,8585
19930730,DWYER GROUP INC THE,10680,8585
19860923,STANLEY INTERIORS CORP,10681,8586
19860923,UNITED SAVINGS BK FA GREAT FALLS,10682,8587
19960501,UNITED FINANCIAL CORP,10682,8587
19860923,SAN FRANCISCO FED S & L ASSN,10683,8588
19880705,S F F E D CORP,10683,8588
19860922,DOVER REGIONAL FINL SHS PA,10684,8589
19860923,DURAMED PHARMACEUTICALS INC,10685,8590
19860923,VIRAL RESPONSE SYSTEMS INC,10686,8582
19860923,SAGE ANALYTICS INTL INC,10687,8591
19860924,C M S ADVERTISING INC,10688,8559
19890922,UNICO INC DE,10688,8559
19860924,LIBERTY BUREAU INC,10689,8592
19860924,FIDELITY FEDERAL S & L ASSN TN,10690,8593
19891201,FIDELITY BANCSHARES INC TN,10690,8593
19860924,INFORMIX CORP,10691,8594
20010703,ASCENTIAL SOFTWARE CORP,10691,8594
19860924,CHINA TECHNICAL SVRC CORP,10692,8595
19860924,HEALTHSOUTH REHABILITATION CORP,10693,8596
19950103,HEALTHSOUTH CORP,10693,8596
20180102,ENCOMPASS HEALTH CORP,10693,8596
19860924,HAMILTON GROUP HOLDINGS INC,10694,8343
19860924,LOS ANGELES SECURITIES GROUP,10695,8597
19900423,ABOVE TECHNOLOGIES INC,10695,8597
19860925,FISERV INC,10696,8598
19860925,PEOPLES SAVINGS BK WORCESTER MA,10697,8599
19880301,PEOPLES BANCORP WORCESTER INC,10697,8599
19251231,GENERAL ASPHALT CO,10698,22216
19361026,BARBER INC,10698,22216
19380427,BARBER ASPHALT CORP,10698,22216
19480501,BARBER OIL CORP,10698,22216
19820128,ACRO ENERGY CORP,10699,5193
19251231,BARNET LEATHER INC,10700,22217
19830609,ACTIVISION INC,10701,6060
19880816,MEDIAGENIC,10701,6060
19860925,S C O R US CORP,10702,8601
19860925,INTERCARE INC,10703,7962
19860925,GOLDEN POULTRY CO INC,10704,8602
19860925,I C N BIOMEDICALS INC,10705,8603
19860926,ROADWAY MOTOR PLAZAS INC,10706,8605
19911112,TRAVEL PORTS OF AMERICA INC,10706,8605
19860926,PERIPHERAL SYSTEMS INC,10707,8604
19860926,TAYLOR S COMPANIES INC,10708,8606
19860926,MANATRON INC,10709,8607
19860926,ATLANTIC BANCORP NJ,10710,8608
19890801,GLENDALE BANCORPATION,10710,8608
19860930,MUTUAL FEDERAL S & L ASSN N C,10711,8609
19861001,KNUTSON MORTGAGE CORP,10712,8610
19861001,LIFE TECHNOLOGIES INC,10713,8611
19861001,GULF & MISSISSIPPI CORP,10714,8612
19920212,CRYENCO SCIENCES INC,10714,8612
19861001,GATEWAY BANCORP INC,10715,8614
19861001,CORRECTIONS CORP AMERICA,10716,8613
19861002,FOUNTAIN OIL & GAS INC,10717,8617
19880418,CENTERCORE INC,10718,9752
19251231,BARNSDALL CORP,10719,22218
19360317,BARNSDALL OIL CO,10719,22218
19831122,ACTMEDIA INC,10720,6611
19861002,ARMOR ALL PRODS CORP,10721,8620
19861003,HERITAGE NIS BK SVGS NRTHMPT MA,10722,8621
19880915,HERITAGE BANCORP INC,10722,8621
19861003,M I SCHOTTENSTEIN HOMES INC,10723,8622
19861003,PIONEER FINANCIAL SVCS INC,10724,8623
19900516,PIONEER FINANCIAL SERVICES INC,10724,8623
19880122,CHARTER ONE FINANCIAL INC,10725,9662
19880308,CHESAPEAKE BIOLOGICAL LABS INC,10726,9710
19251231,BAYUK CIGARS INC,10727,22219
19721214,ACUSHNET CO,10728,53
19861003,PROFESSIONAL AGRICULTL MGMT INC,10729,8626
19861006,NORTHWEST ILLINOIS BANCORP INC,10730,8627
19950103,TODAYS BANCORP INC,10730,8627
19780105,DATAMETRICS CORP,10731,8628
19861006,ANALYTIX INC,10732,8236
19870720,ALYX MEDICAL INSTRUMENTS INC,10732,8236
19861007,AMERICAN CONSUMER PRODUCTS INC,10733,8630
19861008,SHELBY FEDERAL SAVINGS BANK IN,10734,8629
19251231,BEECH NUT PACKING CO,10735,22220
19560801,BEECH NUT LIFE SAVERS INC,10735,22220
19721214,AD MAR RESH INC,10736,22221
19861008,MICROWAVE LABS INC,10737,8632
19861008,CHIPS & TECHNOLOGIES INC,10738,8634
19861008,I D B COMMUNICATIONS GROUP INC,10739,8636
19861008,STARPOINTE SAVINGS BK NJ,10740,8638
19880623,CHRONODYNAMICS LTD,10741,9837
19861008,COMMONWEALTH MORTGAGE CO INC,10742,8640
19251231,BELDING BROS & CO,10743,20287
19260302,BELDING HEMINWAY INC,10743,20287
19721214,AD PRESS LTD,10744,22222
19861008,BALDWIN PIANO & ORGAN CO,10745,8641
19861009,CLABIR CORP,10746,8642
19861009,NUTRI CHEESE CO,10747,8643
19861010,SCIENTIFIC SYSTEMS INC,10748,8644
19861010,KENAN TRANSPORT CO,10749,8645
19861010,CARMIKE CINEMAS INC,10750,8646
19251231,STROMBERG CARBURETOR CO AMER INC,10751,22223
19290531,BENDIX AVIATION CORP,10751,22223
19600601,BENDIX CORP,10751,22223
19791205,ADAC LABORATORIES INC,10752,58
19861010,FRONTIER INSURANCE GROUP INC,10753,8647
19861010,HOME FEDERAL S & L ASSN UP E TN,10754,8648
19900103,HOME FINANCIAL CORP,10754,8648
19861010,FRAMINGHAM SAVINGS BK MA,10755,8649
19960613,METROWEST BANK,10755,8649
19861013,REUTER LABORATORIES INC,10756,8650
19861014,HERITAGE FINANCIAL SVCS INC,10757,8653
19861014,MEDPRO GROUP INC,10758,8652
19880615,ULTIMAP INTERNATIONAL INC,10758,8652
19910709,ULTIMAP CORP,10758,8652
19861014,FIRST NATIONAL PENNSYLVANIA CORP,10759,8655
19861014,MILFORD COOPERATIVE BANK NH,10760,8654
19861015,MICHAEL ANTHONY JEWELERS INC,10761,8656
19861016,WEST NEWTON SAVINGS BANK,10762,8658
19861016,AMERICAN NURSERY PRODS INC,10763,8659
19861016,APPLIED CONTROL SYS INC,10764,8660
19861017,CONVEX COMPUTER CORP,10765,8661
19861017,MORINO ASSOCIATES INC,10766,8662
19881121,MORINO INC,10766,8662
19861017,KRISCH AMERICAN INNS INC,10767,8663
19861020,INMAC CORP,10768,8664
19861020,CENTRAL CO OPERATIVE BANK MA,10769,8665
19990108,CENTRAL BANCORP INC,10769,8665
19861021,CHICAGO DOCK AND CANAL TRUST,10770,8666
19861021,HAMPTONS BANCSHARES INC,10771,8667
19861021,SOUTHERN ELECTRONICS CORP,10772,8668
19971125,S E D INTERNATIONAL HOLDINGS INC,10772,8668
19861021,OUTRIGHT INDUSTRIES INC,10773,8669
19861022,JOHNSTOWN SAVINGS BANK F S B PA,10774,8670
19861022,HEMACARE CORP,10775,8671
19861022,VACATIONS TO GO INC,10776,8672
19890828,VACATION PUBLICATIONS INC,10776,8672
19861022,FIRST CITIZENS BANCSHARES INC NC,10777,8674
19251231,GOLD DUST CORP,10778,22224
19361102,HECKER PRODS CORP,10778,22224
19421229,BEST FOODS INC,10778,22224
19781003,ADAGE INC,10779,65
19980202,RELM WIRELESS CORP,10779,65
20180605,B K TECHNOLOGIES INC,10779,65
20190329,B K TECHNOLOGIES CORP,10779,65
19861023,PEOPLES SAVINGS BANK BROCKTON MA,10780,8675
19960208,PEOPLES BANCSHARES INC MASS,10780,8675
19861023,BANK SOUTH CAROLINA CHARLESTON,10781,8677
19950417,BANK SOUTH CAROLINA CORP,10781,8677
19861023,FAIRHAVEN SAVINGS BANK MA,10782,8678
19861023,HORIZON GOLD SHARES INC,10783,8554
19900904,HORIZON GOLD CORP,10783,8554
19920917,HORIZON RESOURCES CORP,10783,8554
19861029,SHAWS SUPERMARKETS INC,10784,8679
19861024,CALIFORNIA MICRO DEVICES CORP,10785,8681
19251231,BETHLEHEM STEEL CORP,10786,20299
19721214,ADDISON WESLEY PUBG INC,10787,73
19861024,UNICARE FINANCIAL CORP,10788,8682
19861024,INFERGENE COMPANY,10789,8680
19861024,SHOREWOOD PACKAGING CORP,10790,8683
19980128,SHOREWOOD PACKAGING CORP INC,10790,8683
19861029,SILICON GRAPHICS INC,10791,8685
19861029,NATIONAL BANC COMMERCE CO,10792,8687
19920421,COMMERCE BANC CORP,10792,8687
19861030,MERCHANTS BANCORP INC CT,10793,8688
19251231,BOOTH FISHERIES CO,10794,22225
19840426,ADDITIVE TECHNOLOGY CORP,10795,7002
19861030,POP RADIO CORP,10796,8690
19861030,AMERIFIRST FEDERAL S & L ASSN FL,10797,8691
19880301,AMERIFIRST BANK FED SVGS BK FL,10797,8691
19861030,HOME UNITY S & L ASSN LAF PA,10798,8692
19861030,FIRST FEDERAL S & L PNMA CITY FL,10799,8693
19880502,FLORIDA FIRST FED SVGS BK PAN CY,10799,8693
19950502,FLORIDA FIRST BANCORP INC,10799,8693
19861031,E A ENGINEERING SCI & TECH INC,10800,8694
19861031,METRO MOBILE CTS INC,10801,8695
19861031,TELECAST INC,10802,7997
19861031,UNITED STATES FACILITIES CORP,10803,8696
19970515,CENTRIS GROUP INC,10803,8696
19861031,AMERICAN CREDIT CARD TEL CO,10804,7789
19870930,CARD TEL INC,10804,7789
19861031,OLYMPIC BROADCASTING CORP,10805,8697
19890530,OLYMPIA BROADCASTING CORP,10805,8697
19861103,FIND SVP INC,10806,8698
19251231,BRIGGS MFG CO,10807,22226
19721214,ADDMASTER CORP,10808,62
19861104,BRANFORD SAVINGS BANK CONN,10809,8699
19861104,INDUSTRIAL TRAINING SYS CORP,10810,8700
19861105,CRITERION GROUP INC,10811,8701
19861105,HEARTLAND EXPRESS INC,10812,8702
19861105,MEDMASTER SYSTEMS INC,10813,8385
19861105,DELAWARE OSTEGO CORP,10814,8703
19251231,BRITISH EMPIRE STL LTD,10815,22227
19811210,ADVANCED FUEL SYS INC,10816,5232
19861105,MAXAM TECHNOLOGIES INC,10817,8312
19861105,INSPEECH INC,10818,8704
19891020,NOVACARE INC,10818,8704
19880428,CIDCO GROUP INC,10819,9762
19861105,VESTAR INC,10820,8706
19861105,SCOTT & STRINGFELLOW FINL INC,10821,8707
19861106,GAINSCO INC,10822,8710
19251231,BROOKLYN UNION GAS CO,10823,20338
19970930,KEYSPAN ENERGY CORP,10823,20338
19840615,ADVANCED LOGIC SYS INC,10824,7087
19861106,CAROLINA FIRST CORP,10825,8711
20000424,SOUTH FINL GROUP INC,10825,8711
19861106,SATELLITE AUCTION NETWORK INC,10826,8712
19861106,CONTINENTAL MEDICAL SYSTEMS INC,10827,8713
19861106,B H A GROUP INC,10828,8714
19970219,B H A GROUP HOLDINGS,10828,8714
19861106,LANDMARK FINANCIAL CORP,10829,8715
19880801,LANDMARK COMMUNITY BANCORP INC,10829,8715
19861107,STROBER ORGANIZATION INC,10830,8716
19251231,BROOKLYN EDISON INC,10831,22228
19721214,ADLEY CORP,10832,22229
19861107,WEST MASS BANKSHARES INC,10833,8717
19861107,FAMILY MUT SVGS BK HAVERHILL,10834,8718
19880901,FAMILY BANCORP,10834,8718
19861107,MILWAUKEE INSURANCE GROUP INC,10835,8719
19861107,CENTREVEST CORP,10836,8720
19861110,MICRO HEALTHSYSTEMS INC,10837,8615
19951120,U S SERVIS INC,10837,8615
19861110,CYTRX CORP,10838,8721
19861111,HORIZON FINANCIAL SERVICES INC,10839,8722
19861111,BLINDER INTL ENTRPRS INC,10840,8723
19891026,INTERCONTINENTAL ENTERPRISES INC,10840,8723
19861112,GRIFFITH CONSUMERS CO,10841,8724
19861112,SAZTEC INTERNATIONAL INC,10842,8726
19861113,ARGONAUT GROUP INC,10843,8727
19861113,IRWIN MAGNETIC SYSTEMS INC,10844,8728
19861113,HUFFMAN KOOS INC,10845,8729
19861113,PARALAX VIDEO ENTERPRISES INC,10846,8730
19861113,FRESH JUICE CO INC,10847,8731
19861112,CORTRONIC CORP,10848,8732
19861113,SPRINGBOARD SOFTWARE INC,10849,8733
19890720,SPINNAKER SOFTWARE CORP,10849,8733
19861113,MIDFED SVGS BK MIDDLETOWN OH,10850,8735
19890201,PINNACLE BANCORP INC,10850,8735
19861113,KING CITY FEDERAL SAVINGS BK IL,10851,8736
19861114,INITIALS PLUS INC,10852,8737
19861114,NATIONAL VIDEO INC,10853,8738
19880922,RENTRAK CORP,10853,8738
19861114,NORWICH SAVING SOCIETY,10854,8739
19880811,NORWICH FINANCIAL CORP,10854,8739
19861114,HOME NATIONAL CORP MILFORD MA,10855,8740
19880427,CIMM INC,10856,9759
19861117,PLAYERS INTERNATIONAL INC,10857,8742
19251231,BROOKLYN MANHATTAN TRAN CORP,10858,22230
19721214,ADOBE BRICK & SUP,10859,60
19730504,ADOBE BUILDING CTRS INC,10859,60
19861117,EPITOPE INC,10860,8743
20001002,ORASURE TECHNOLOGIES INC,10860,8743
19861118,CLAIRSON INTERNATIONAL CORP,10861,8744
19861118,ADMAR GROUP INC,10862,8746
19861118,ELCOTEL INC,10863,8745
19861118,STOCKBRIDGE CAPITAL LTD,10864,8747
19890615,EXPORT TYRE HOLDING CO,10864,8747
19861119,ALTERNATIVE HEALTH CARE SYS INC,10865,8748
19251231,BROWN SHOE INC,10866,20342
19620702,BROWN SHOE CO INC,10866,20342
19720117,BROWN GROUP INC,10866,20342
19990528,BROWN SHOE CO INC NEW,10866,20342
20150529,CALERES INC,10866,20342
19801205,ADVANCE CIRCUITS INC,10867,76
19861119,J A M INC,10868,8749
19861119,H D R POWER SYSTEMS INC,10869,8750
19861120,P H P HEALTHCARE CORP,10870,8751
19861120,STRATEGIC PLANNING ASSOCS INC,10871,8752
19861120,FARRAGUT MORTGAGE CO INC,10872,8753
19861120,SECURITY FEDERAL SVGS BK MT,10873,8754
19931220,SECURITY BANCORP MT,10873,8754
19251231,BRUNSWICK BALKE COLLENDER CO,10874,20344
19600418,BRUNSWICK CORP,10874,20344
19721214,ADVANCE ROSS CORP,10875,347
19930617,ADVANCE ROSS CORP NEW,10875,347
19861120,RIGHT MANAGEMENT CONSULTANTS INC,10876,8755
19861120,HOME SAVINGS BANK BROOKLYN NY,10877,8756
19880415,COMMUNICATIONS WORLD INTL INC,10878,9751
19861121,GROSSMANS INC,10879,8758
19861124,METROBANK N A LOS ANGELES,10880,8759
19861124,ANALYTICAL SURVEYS INC,10881,8760
19251231,BRUNSWICK TERM & RY SEC CO,10882,22231
19840214,ADVANCED CELLULAR TECHNOLOGY,10883,6854
19861125,EDGCOMB CORP,10884,8761
19861125,P C S INC,10885,8763
19861125,DIXIE YARNS INC,10886,8762
19970502,DIXIE GROUP INC,10886,8762
19861125,AMERICAN KEFIR CORP,10887,8023
19861125,SCIENCE ACCESSORIES CORP,10888,8765
19861126,OVONIC IMAGING SYSTMES INC,10889,8764
19900716,O I S OPTICAL IMAGING SYSTS INC,10889,8764
19251231,BURROUGHS ADDING MACH CO,10890,21814
19530508,BURROUGHS CORP,10890,21814
19861110,UNISYS CORP,10890,21814
19721214,ADVANCED CHEMICAL TECHNOLOGY,10891,54
19861126,WILMINGTON SAVINGS FUND SOC FSB,10892,8766
19881201,STAR STATES CORP,10892,8766
19930601,WSFS FINANCIAL CORP,10892,8766
19861125,NATIONAL HEALTH ENHANCMT SYS INC,10893,8767
19861128,BROKERS SECURITIES INC,10894,8768
19890201,B S I HOLDINGS INC,10894,8768
19910625,AUTOBANC INC,10894,8768
19861128,R L R FINANCIAL SVCS INC,10895,8769
19861201,CAMILLE ST MORITZ INC,10896,8771
19880504,COMMUNITY BANCSHARES INC,10897,9766
19861202,SOUTHERN BANKSHARES INC WV,10898,8775
19861202,WENDT BRISTOL CO,10899,8776
19861203,CONNECTICUT BANCORP INC,10900,8777
19861203,INVESTORS TITLE CO,10901,8778
19861203,ANCHOR FINANCIAL CORP,10902,8779
19251231,BURNS BROS,10903,22232
19840126,ADVANCED COMMUNICATIONS INC,10904,6815
19861203,SKYLINE CHILI INC,10905,8781
19861204,PEOPLES HERITAGE SAVINGS BANK,10906,8782
19880620,PEOPLES HERITAGE FINL GROUP INC,10906,8782
20000511,BANKNORTH GROUP INC ME,10906,8782
19861203,ESSEX COMMUNICATIONS CORP,10907,8784
19861205,UNI MARTS INC,10908,8785
19861205,CERNER CORP,10909,8786
19861205,HUNTER ENVIRONMENTAL SVCS INC,10910,8787
19251231,BUSH TERMINAL CO,10911,22233
19680722,BUSH UNIVERSAL INC,10911,22233
19721214,ADVANCED COMPUTER TECHNIQUES,10912,55
19861205,FARMERS CAPITAL BANK CORP,10913,8788
19861205,ALLWASTE INC,10914,8790
19861205,C R PLACE INC,10915,8791
19880506,COMMUNITY BANKS INC PA,10916,9772
19861209,PIONEER AMERICAN HOLDING CORP,10917,8793
19861209,MAYFAIR INDUSTRIES INC,10918,8794
19861209,Z Z Z Z BEST CO INC,10919,8796
19861210,LANE FINANCIAL INC,10920,8797
19861210,AARON BROTHERS ART MARTS INC,10921,8798
19861210,CAROLINA MOUNTAIN HOLDING CO,10922,8799
19880517,COMPUMAT INC,10923,9780
19861210,FOUNTAIN POWERBOAT INDS INC,10924,8801
19861210,IDEAL SCHOOL SUPPLY CORP,10925,8802
19861211,FIRST FEDERAL SAVINGS BANK GA,10926,8803
19940301,FLAG FINANCIAL CORP,10926,8803
19861211,RAPITECH SYSTEMS INC,10927,8804
19861211,ORGANOGENESIS INC,10928,8805
19861211,PULITZER PUBLISHING CO,10929,8807
19861211,ADVANCED PRODUCTS & TECHS INC,10930,8808
19861212,LEXINGTON SAVINGS BANK,10931,8809
19861212,WEBSTER FINANCIAL CORP,10932,8810
19861212,MARKEL CORP,10933,8811
19861212,BROWN TRANSPORT CO INC,10934,8812
19861212,BOSTON ACOUSTICS INC,10935,8813
19861212,ARCTURUS INC,10936,8772
19880630,CONCORDE CAREER COLLEGES INC,10937,9844
19251231,BYERS A M CO,10938,22234
19721214,ADVANCED DIGITAL SYS INC,10939,22235
19861212,TOMSUN FOODS INTL INC,10940,8815
19861215,LOYOLA CAPITAL CORP,10941,8816
19861215,COMVERSE TECHNOLOGY INC,10942,8818
19861212,MICRO IMAGING SYSTEMS INC,10943,8817
19861216,TALMAN HOME FED S & L ASSN IL,10944,8819
19861216,ENTOURAGE INTERNATIONAL INC,10945,8258
19251231,BUTTE & SUPERIOR MNG CO,10946,22236
19830701,ADVANCED MED IMAGING CORP,10947,6128
19871201,EPIC HEALTH GROUP INC,10947,6128
19861216,DRYCLEAN U S A INC,10948,8821
19861216,LASERLAND CORP USA,10949,8822
19861216,XSIRIUS SCIENTIFIC INC,10950,8824
19900314,XSIRIUS INC,10950,8824
19861217,MICRO DISPLAY SYSTEMS INC,10951,8825
19861217,CEDAR INCOME FD 1 LTD,10952,8826
19891002,CEDAR INCOME FUND LTD,10952,8826
20000229,UNI INVEST U S LTD,10952,8826
20000807,CEDAR INCOME FUND LTD NEW,10952,8826
20030805,CEDAR SHOPPING CENTERS INC,10952,8826
20111110,CEDAR REALTY TRUST INC,10952,8826
19861217,ALLIANT COMPUTER SYSTEMS CORP,10953,8827
19251231,BUTTE COPPER & ZINC CO,10954,22237
19730320,ADVANCED MEDICAL SCIENCES INC,10955,69
19861217,MCDANIEL AUSTIN CORP,10956,8829
19861217,CITIZENS SVNG BANK MD,10957,8830
19890803,FIRST CITIZENS FINANCIAL CORP,10957,8830
19861217,BENJAMIN FRANKLIN F S L A OR,10958,8831
19861217,INVESTORS SAVINGS CORP MINTKA MN,10959,8832
19930524,INVESTORS BANK CORP MINTKA MN,10959,8832
19861217,F B X CORP,10960,8833
19861217,VALLEY WEST BANCORP,10961,8834
19900530,CENTENNIAL BANCORP,10961,8834
19251231,BUTTERICK CO,10962,22238
19861217,AMERICAN INTERNATIONAL PETE CORP,10963,8836
19931028,AMERICAN INTERNAT PETE CORP NEW,10963,8836
19861216,INSITUFORM GULF SOUTH INC,10964,8837
19910304,NAYLOR INDUSTRIES INC,10964,8837
19880218,CONFERTECH INTERNATIONAL INC,10965,9692
19861217,LECTEC CORP,10966,8839
20111013,AXOGEN INC,10966,8839
19880412,CONNER PERIPHERALS INC,10967,9744
19861219,FIRST FED S & L ASSN CHATT TN,10968,8841
19890501,FIRST CHATTANOOGA FINL CORP,10968,8841
19861218,DATA MEASUREMENT CORP,10969,8843
19251231,COMMERCIAL INVESTMENT TRUST CO,10970,22239
19450424,C I T FINANCIAL CORP,10970,22239
19721214,ADVENT CORP,10971,77
19861219,REEDS JEWELERS INC,10972,8844
19861219,M TECH,10973,8845
19861217,FIRST FEDERAL ALABAMA FSB JASPER,10974,8848
19960108,PINNACLE BANK JASPER ALA,10974,8848
19970203,PINNACLE BANCSHARES INC,10974,8848
19861219,CRYOTECH INDUSTRIES INC,10975,8846
19861219,C B & T FINANCIAL CORP,10976,8849
19861219,TOLLAND BANK F S B CT,10977,8847
19870904,TOLLAND BANK CT,10977,8847
19971006,ALLIANCE BANCORP OF NEW ENG INC,10977,8847
19861219,DIAL REIT INC,10978,8850
19940429,MID AMERICA REALTY INVESTMTS INC,10978,8850
19861219,COMPUTERIZED MEDICAL SYS PLC,10979,8852
19861219,CONSUMER PLASTICS CORP,10980,8853
19871014,C P C REXEL INC,10980,8853
19861222,MID MAINE SAVINGS BANK FSB AUB,10981,8854
19861222,INTERNATIONAL TEXAS INDS INC,10982,8855
19861222,LAKELAND S & L ASSN NJ,10983,8856
19871027,LAKELAND SAVINGS BK S L A NJ,10983,8856
19890501,LAKELAND FIRST FINANCIAL GRP INC,10983,8856
19861223,LOWRANCE ELECTRONICS INC,10984,8857
19861223,HOME SAVINGS ASSN TAMAQUA PA,10985,8858
19861223,ALPHA 1 BIOMEDICALS INC,10986,8859
19861223,RABBIT SOFTWARE CORP,10987,8860
19930930,TANGRAM ENTERPRISE SOLUTIONS INC,10987,8860
19861223,VISION SCIENCES INC,10988,8861
19251231,CORN PRODUCTS REFINING CO,10989,20365
19581001,CORN PRODUCTS CO,10989,20365
19690423,C P C INTERNATIONAL INC,10989,20365
19980102,BESTFOODS,10989,20365
19750605,ADVERTISING UNLIMITED LTD,10990,410
19861223,BANK OF EAST TENNESSEE,10991,8863
19861222,HEMODYNAMICS INC,10992,8864
19920720,THUNDER GROUP,10992,8864
19861224,EAGLE ENTERTAINMENT INC,10993,8865
19920116,EAGLE HOLDINGS INC,10993,8865
19931207,EAGLE AUTOMOTIVE ENTERPRISES INC,10993,8865
19940414,CHARIOT ENTERTAINMENT INC,10993,8865
19861226,APPLIED MICROBIOLOGY INC,10994,8527
19970102,AMBI INC,10994,8527
20010309,NUTRITION 21 INC,10994,8527
19861229,FIRST FEDERAL SVGS BK DECATUR AL,10995,8867
19910425,ALAFIRST BANCSHARES INC,10995,8867
19930301,BANCFIRST CORP AL,10995,8867
19940302,B N F BANCORP INC,10995,8867
19861229,DISC TECHNOLOGY CORP,10996,8868
19251231,CADDO CENT OIL REFNG CORP,10997,28445
19840322,AEQUITRON MEDICAL INC,10998,6943
19870102,INTERTAN INC,10999,8870
19870102,WESTMARK INTERNATIONAL INC,11000,8872
19920629,ADVANCED TECHNOLOGY LABS INC,11000,8872
19970718,A T L ULTRASOUND INC,11000,8872
19880531,CONSTITUTION BANCORP NEW ENG INC,11001,9796
19910521,LAFAYETTE AMERICAN BANCORP INC,11001,9796
19940228,LAFAYETTE AMERICAN BK & TR CO CT,11001,9796
19870105,ANODYNE ENERGY CORP,11002,8874
20100729,CHESAPEAKE MIDSTREAM PTNRS L P,11003,53459
20120724,ACCESS MIDSTREAM PARTNERS L P,11003,53459
20150203,WILLIAMS PARTNERS LP NEW,11003,53459
19880421,CONTEL CELLULAR INC,11004,9755
19870107,CLARK DICK PRODTNS INC,11005,8877
19870108,FIRST LONG ISLAND CORP,11006,8879
19870109,FIRST PROVIDENT GROUP INC,11007,8880
19870108,DATAMAG INC,11008,8881
19251231,CALIFORNIA PETE CORP,11009,22241
19750630,AERO SYSTEMS INC,11010,87
19870113,UNITED SYSTEMS TECH,11011,8851
19870112,EMONS HOLDINGS INC,11012,8883
19931201,EMONS TRANSPORTATION GROUP INC,11012,8883
19870112,DESK TOP FINANCIAL SOLUTIONS INC,11013,8884
19870113,NYCOR INC,11014,8887
19870113,FINANCIAL PERFORMANCE CORP,11015,8795
19870113,RADON TESTING CORP AMER INC,11016,8888
19251231,CALLAHAN ZINC LEAD CO,11017,20379
19580430,CALLAHAN MINING CORP,11017,20379
19870113,FIRST FEDERAL SVGS BK P R SAN JU,11018,8889
19930311,FIRST FEDERAL SAVINGS BANK,11018,8889
19941115,FIRSTBANK PUERTO RICO SAN JUAN,11018,8889
19981001,FIRST BANCORP P R,11018,8889
19870113,COTTAGE SAVINGS ASSN,11019,8890
19891226,TRISTATE BANCORP,11019,8890
19870114,NICHOLS RESEARCH CORP,11020,8892
19870114,FULTON FEDERAL S & L ASSN GA,11021,8893
19890425,FULTON FEDERAL SAVINGS BANK GA,11021,8893
19870114,CITIZENS SAVINGS BANK NY,11022,8894
19900918,ITHACA BANCORP INC,11022,8894
19870115,WASHINGTON BANCORPORATION,11023,8895
19870116,FINEST HOUR INC,11024,8896
19251231,CALUMET & ARIZONA MNG CO,11025,22242
19781006,ADVENTURE LANDS OF AMERICA INC,11026,68
19870119,T H E FITNESS CENTERS INC,11027,8511
19870120,VIDEO JUKEBOX NETWORK INC,11028,8898
19970303,BOX WORLDWIDE INC,11028,8898
19870121,CHOPP COMPUTER CORP DE,11029,8900
19870121,WESTERN AUTO SUPPLY CO,11030,8901
19870121,OUTLET COMMUNICATIONS INC,11031,8902
19870121,HOMESTEAD SAVINGS ASSN MIDDL PA,11032,8903
19890103,HOMESTEAD HOLDING CORP,11032,8903
19251231,CALUMET & HECLA CONS COPPER CO,11033,22243
19521021,CALUMET & HECLA INC,11033,22243
19800716,ADVANCED MONITORING SYS INC,11034,245
19870122,INSITUFORM MID AMERICA INC,11035,8904
19870122,GROUP 1 SOFTWARE INC,11036,8906
19870122,M D T CORP,11037,8907
19870123,NETWORK EQUIPMENT TECHNOLOGIES,11038,8908
19870122,DISEASE DETECTION INTL INC,11039,8910
19870122,BIOTHERAPEUTICS INC,11040,8295
19891031,RESPONSE ONCOLOGY INC,11040,8295
19251231,CANADIAN PACIFIC RAILWAY CO,11041,20387
19710707,CANADIAN PACIFIC LTD,11041,20387
19801124,ADVANTAGE COS INC,11042,61
19890814,L D D S COMMUNICATIONS INC,11042,61
19930915,L D D S COMMUNICATIONS INC GA,11042,61
19950526,WORLDCOM INC GA,11042,61
19980915,M C I WORLDCOM INC,11042,61
20000504,WORLDCOM INC GA NEW,11042,61
19870122,PSYCHEMEDICS CORP,11043,8909
19870123,HOME FEDERAL S & L ASSN XENIA OH,11044,8913
19900806,ULTRA BANCORP,11044,8913
19870123,ROOSEVELT FED S & L ASSN MO,11045,8911
19880601,ROOSEVELT BK FED SVGS BK CHSTRFL,11045,8911
19890103,ROOSEVELT FINANCIAL GROUP INC,11045,8911
19870126,AMERICAN FEDERAL SVGS BK DUVAL,11046,8914
19920122,FLORIDA BANK FSB,11046,8914
19870123,AMERICAN SCREEN CO,11047,8916
19870127,ENVIRONMENTAL POWER CORP,11048,8915
19870128,CONCEPT 90 MARKETING INC,11049,8917
19870128,FEDERATED FINANCIAL S & L ASN WI,11050,8918
19900223,FEDERATED BANK S S B,11050,8918
19880414,COUNTRY LAKE FOODS INC,11051,9748
19870129,PRESTO TEK CORP,11052,8921
19870130,FEDERAL SAVINGS BK NEW BRITN CN,11053,8922
19870130,CARLTON COMMUNICATIONS PLC,11054,8923
19870130,MARGATE VENTURES INC,11055,8924
19910805,MARGATE INDUSTRIES INC,11055,8924
19870202,STERLING SAVINGS ASSN WA,11056,8926
19921102,STERLING FINANCIAL CORP WASH,11056,8926
19880503,CYTRX BIOPOOL LTD,11057,9765
19890721,BIOPOOL INTERNATIONAL INC,11057,9765
19870202,BIOMEDICAL DYNAMICS,11058,8928
19870203,ORBIT GAS CO,11059,8929
19920427,ORCO INC,11059,8929
19870203,VALDOSTA FEDERAL S & L ASSOC,11060,8930
20100714,DIREXION SHARES E T F TRUST,11061,53101
19870203,DELTA WOODSIDE INDS INC,11062,8932
19870203,REGIONAL FEDERAL BANCORP INC,11063,8933
19870203,EAGLE FINANCIAL CORP,11064,8934
19870203,BRANDON SYSTEMS CORP,11065,8935
19870204,INDIANA FEDERAL S & L ASSN VALPO,11066,8936
19881202,INDIANA FEDERAL CORP,11066,8936
19870204,BANK OF INDUSTRY CA,11067,8937
19251231,CASE J I THRESHING MACH CO,11068,22244
19290531,CASE J I CO,11068,22244
19810414,AERO SERVICES INTERNATIONAL INC,11069,85
19870204,M B S TEXTBOOK EXCHANGE INC,11070,8938
19880608,DATAVEND INC,11071,9814
19900405,CHOICES ENTERTAINMENT CORP,11071,9814
19870205,DATALINE INC NE,11072,8940
19871113,DATA TRANSMISSION NETWORK CORP,11072,8940
19870205,SCIENTIFIC N R G INC,11073,8941
19880425,DELAWARE SAVINGS BK FSB WLMGTN,11074,9757
19870205,NEXXUS TECHNOLOGIES INC,11075,8942
19870929,ELI SCIENTIFIC INC,11075,8942
19251231,CENTRAL RR CO N J,11076,22245
19810512,ADVANCED SEMICONDUCTOR MATL IN,11077,374
19961203,A S M INTERNATIONAL N V,11077,374
19870205,FIDELITY FEDERAL SVGS BK VA,11078,8944
19950530,FIDELITY FINANCIAL BANKS CORP,11078,8944
19870205,CATCH A RISING STAR INC,11079,8945
19870206,C S C INDUSTRIES INC,11080,8947
19880622,DELL COMPUTER CORP,11081,9833
20030722,DELL INC,11081,9833
19870209,MARGO NURSERY FARMS INC,11082,8949
19980612,MARGO CARIBE INC,11082,8949
19870210,DIVERSIFIED TECH INC UTAH,11083,8950
19890522,D T I MEDICAL CORP,11083,8950
19251231,CENTURY RIBBON MLS INC,11084,22246
19561203,CENTURY INDS INC,11084,22246
19750609,CENTURY FACTORS INC,11084,22246
19850603,CENTURY BUSINESS CREDIT INC,11084,22246
19820104,ADVANT CORP,11085,5260
19870209,VIDEOSPECTION INC,11086,8951
19900604,VYSTAR GROUP INC,11086,8951
19870210,CHERNE INDUSTRIES INC,11087,8952
19870630,CHERNE ENTERPRISES INC,11087,8952
19900104,CHERNE MEDICAL INC,11087,8952
19920601,VITAL HEART SYSTEMS CORP,11087,8952
19870210,UTILITECH INC,11088,8482
19920408,DECORA INDUSTRIES INC,11088,8482
19870210,PHOTON TECHNOLOGY INTL INC,11089,8953
19870210,ATLANTIC RESTAURANT VENT INC,11090,8956
19870210,COMPUFLIGHT OPERATIONS SVC INC,11091,8955
19871207,COMPUFLIGHT INC,11091,8955
19251231,CERRO DE PASCO COPPER CORP,11092,22247
19510531,CERRO DE PASCO CORP,11092,22247
19601230,CERRO CORP,11092,22247
19730313,WYOMING NATIONAL CORP,11093,5023
19811215,AFFILIATED BANK CORP WYO,11093,5023
19880610,WYOMING NATIONAL BANCORPORATION,11093,5023
19870210,CROWN BRANDS INC,11094,8957
19870211,FIRST GEORGIA SVGS BK FSB BRUN,11095,8959
19880502,FIRST GEORGIA HOLDING INC,11095,8959
19870211,BELL SAVINGS BANK PASA U D PA,11096,8960
19890201,BELL SAVINGS HOLDINGS INC,11096,8960
19870211,ABRAHAM LINCOLN FED SVGS BK DRES,11097,8961
19870211,CLEOPATRA KOHLIQUE INC,11098,8962
19870211,ORANGE SAVINGS BANK MA,11099,8963
19870211,WAVETECH INC,11100,8964
19980220,WAVETECH INTERNATIONAL INC,11100,8964
19870211,UNIVERSITY SCIENCE PARTNERS INC,11101,8965
19890511,WAVEMAT INC,11101,8965
19870211,DATA MED CLINICAL SUPPORT SVCS,11102,8966
19870212,SYSTEM SOFTWARE ASSOC INC,11103,8967
19870212,MEDIVIX INC,11104,6361
19251231,CERTAIN TEED PRODS CORP,11105,22248
19620702,CERTAIN TEED PRODUCTS CORP,11105,22248
19760528,CERTAIN TEED CORP,11105,22248
19880630,DRUG EMPORIUM INC,11106,9843
19870212,FIRST FEDERAL SVGS BK DICKSON TN,11107,8968
19870212,MEDIA PRODUCTS INC,11108,8969
19870212,C E C INDUSTRIES CORP,11109,8970
19870212,TODAY HOME ENTERTAINMENT INC,11110,8971
19870303,TECHVEND INC,11111,8972
19870213,TUNEX INTERNATIONAL INC,11112,8974
19251231,GOTHAM SILK HOSIERY INC,11113,22249
19420302,GOTHAM HOSIERY IND,11113,22249
19550930,CHADBOURN GOTHAM INC,11113,22249
19690121,CHADBOURN INC,11113,22249
19830922,ADVANCED GENETIC SCIENCES INC,11114,6414
19870217,ODYSSEY FILMPARTNERS LTD,11115,8975
19871020,ODYSSEY ENTERTAINMENT LTD,11115,8975
19870217,REISTERSTOWN FEDERAL S & L AS MD,11116,8976
19870217,BRADENS INC,11117,8977
19870217,NOSTALGIA NETWORK INC,11118,8978
19870217,ONCOR INC,11119,8979
19870218,CHESHIRE FINANCIAL CORP,11120,8980
19940422,C F X CORP,11120,8980
19251231,DOUGLAS PECTIN CORP,11121,22250
19270713,CERTO CORP,11121,22250
19830819,ADVANCED N M R SYSTEMS INC,11122,6300
19971112,CAPRIUS INC,11122,6300
19870219,PAN ATLANTIC RE INC,11123,8982
19890526,PAN ATLANTIC INC,11123,8982
19930716,U S CAPITAL GROUP INC,11123,8982
19870219,CONTINENTAL HOMES HOLDING CORP,11124,8983
19870219,MARCI INTERNATIONAL IMPORTS INC,11125,8984
19870219,SEAFOODS FROM ALASKA INC,11126,8985
19870220,PENTECH INTERNATIONAL INC,11127,8986
19870224,ADTEC INC,11128,8987
19870225,LAUREL WAY PRODS INC,11129,8988
19871005,LWAY PRODUCTIONS,11129,8988
19870225,BROOKLYN SAVINGS BANK CT,11130,8989
19870225,AMERIANA SAVINGS BK F S B NEW IN,11131,8990
19900320,AMERIANA BANCORP,11131,8990
19870225,BIO VASCULAR INC,11132,8958
20020501,SYNOVIS LIFE TECHNOLOGIES INC,11132,8958
19870226,ZETEK INC,11133,8991
19880520,DRUG SCREENING SYS INC,11134,9790
19870226,EXCELAN INC,11135,8993
19870226,CAPITAL ASSOCIATES INC,11136,8994
19870226,PARLUX FRAGRANCES INC,11137,8995
19870226,SENSOR CONTROL CORP,11138,8996
19911015,SAFTEYTEK CORP,11138,8996
19960812,INVIVO CORP,11138,8996
19870226,CANNON EXPRESS INC,11139,8998
19870227,RIVERSIDE NATIONAL BANK CA,11140,8999
19870227,SCHULT HOMES CORP,11141,8997
19870227,ELEXIS CORP,11142,9000
19870302,ANGEL ENTERTAINMENT INC,11143,8919
19870302,AMERICAN VANGUARD CORP,11144,9002
19870305,MONTCLAIR SVGS BK N J,11145,9003
19890302,MONTCLAIR BANCORP INC,11145,9003
19870305,FIRST FED S & L ASSN HARRIS PA,11146,9004
19890821,FIRST HARRISBURG BANCOR INC,11146,9004
19870305,TELEMATICS INC,11147,9005
19251231,DELAWARE & HUDSON CO,11148,22251
19680702,CHAMPLAIN NATIONAL CORP,11148,22251
19831221,ADVANCED TELECOMMUNICATIONS CORP,11149,6737
19870305,SIDARI CORP DE,11150,9006
19870306,POSTMASTERS INC,11151,9007
19870309,DIAGNOSTIC SCIENCES INC NEW,11152,9008
19920518,D S I INDUSTRIES INC,11152,9008
19971007,NORTON DRILLING SERVICES,11152,9008
19870306,SONO TEK CORP,11153,9009
19870310,PHOTRONIC LABS INC,11154,9010
19900419,PHOTRONICS INC,11154,9010
19870310,SMARTCARD INTERNATIONAL INC,11155,8553
19251231,CHESAPEAKE & OHIO RAILWAY CO,11156,22252
19730618,CHESSIE SYSTEM INC,11156,22252
19721214,AEROSONIC CORP DEL,11157,376
19870310,EASTEK CORP,11158,9011
19870310,DIAGNOSTIC VENTURES INC,11159,8734
19880907,D V I FINANCIAL CORP,11159,8734
19911127,D V I HEALTH SERVICES CORP,11159,8734
19930714,D V I INC,11159,8734
19870311,ACTION AUTO RENTAL INC,11160,9012
19870311,JENNIFER CONVERTIBLES INC,11161,9013
19870311,MESA AIRLINES INC,11162,9014
19960930,MESA AIR GROUP INC NEV,11162,9014
19870311,PHYSICIANS REIMBURSMENT SVS INC,11163,9015
19251231,CHICAGO PNEUMATIC TOOL CO,11164,22253
19721214,AEROTRON INC,11165,22254
19870311,HOSPITAL NEWSPAPERS GROUP INC,11166,9016
19880531,XTRAMEDICS INC,11167,9797
19870312,VAUGHNS INC,11168,9018
19870710,VAUGHN COMMUNICATIONS INC,11168,9018
19870312,GENERAL BUILDING PRODS CORP,11169,9019
19870312,CALIFORNIA ENERGY CO INC,11170,9020
19960403,CALENERGY INC,11170,9020
19990315,MIDAMERICAN ENERGY HLDGS CO NEW,11170,9020
19870312,ORBIS INC,11171,9021
19251231,CHICAGO & ALTON RR CO,11172,22255
19721214,AFFILIATED BANKSHARES COLO INC,11173,94
19870313,SKYLINK AMERICA INC,11174,9023
19931109,CROWN CASINO CORP,11174,9023
19971007,CROWN GROUP INC,11174,9023
20020401,AMERICAS CAR MART INC,11174,9023
19870313,CORKEN INTERNATIONAL CORP,11175,9024
19870316,INVESTITECH LTD,11176,9025
19880506,I P M INC,11176,9025
19870316,PRIVATE BRANDS INC,11177,8905
19870316,UNICO INC N MEX,11178,9026
19870316,PACAD INC,11179,9027
19251231,CHICAGO & EASTN ILL RY CO,11180,22256
19830608,AGENCY RENT A CAR INC,11181,6059
19940815,NATIONAL AUTO CREDIT INC,11181,6059
19951228,NATIONAL AUTO CREDIT INC NEW,11181,6059
20100714,DIREXION SHARES E T F TRUST,11182,53101
19870317,SCIENTIFIC TECHNOLOGIES INC,11183,9030
19870318,MAGMA COPPER CO NEW,11184,9032
19870318,THOMAS EDISON INNS INC,11185,9033
19960521,MERITAGE HOSPITALITY GROUP INC,11185,9033
19870318,ALLIED BANKSHARES INC GA,11186,9034
19870319,MERIDIAN INSURANCE GROUP INC,11187,9036
19870319,M M R HOLDING CORP,11188,9038
19870319,FIRST FEDERAL S & L ASSN UT,11189,9039
19891122,FIRST FEDERAL SAVINGS BANK UT,11189,9039
19870319,PINNACLE PETROLEUM INC DE,11190,9040
19900330,GOLDEN OIL CO DEL,11190,9040
19870319,ADVANCED MARKETING TECH CORP,11191,9041
19870320,AGOURON PHARMACEUTICALS INC,11192,9042
19870320,MAGIC YEARS CHILD & LRNG CTR INC,11193,9043
19870320,HAKO MINUTEMAN INC,11194,9044
19940425,MINUTEMAN INTERNATIONAL INC,11194,9044
19870323,TOFRUZEN INC,11195,9045
20100714,DIREXION SHARES E T F TRUST,11196,53101
19880120,ELECTROSOURCE INC,11197,9657
19960723,ELECTROSOURCE INC NEW,11197,9657
19870324,TODD AO CORP,11198,9048
19251231,CHICAGO & NORTH WESTN RY CO,11199,22257
19810911,AGGIE OIL CO,11200,114
19251231,CHICAGO GREAT WESTN RR CO,11201,22258
19870325,XYLOGICS INC,11202,9052
19870325,PHOENIX RE CORP,11203,9053
19940524,P X R E CORP,11203,9053
19991006,P X R E GROUP LTD BERMUDA,11203,9053
20070807,ARGO GROUP INTL HLDGS LTD,11203,9053
19870325,HAWKEYE ENTERTAINMENT INC,11204,9054
19870325,AUTOMEDIX SCIENCES INC,11205,9055
19870513,AMERICAN ADVENTURE INC,11206,9056
19870326,UNITED SAVINGS & LN ASN GRNWD SC,11207,9057
19880719,UNITED FINANCIAL CORP OF SC INC,11207,9057
19870326,ORIENTAL FEDERAL SAVINGS BANK,11208,9058
19940701,ORIENTAL BANK AND TRUST PR,11208,9058
19970127,ORIENTAL FINANCIAL GROUP INC,11208,9058
20130426,O F G BANCORP,11208,9058
19870326,MARSAM PHARMACEUTICALS INC,11209,9059
19870326,ARTECH RECOVERY SYSTEMS INC,11210,9061
19870326,APPLIED BIOSCIENCE INTL INC,11211,9060
19870326,CROP GENETICS INTL CORP,11212,9062
19870326,BRISTOL FEDERAL SVNGS BANK CT,11213,9064
19871217,B F S BANCORP INC DE,11213,9064
19870326,TOTAL RESEARCH CORP,11214,9063
19870327,QUALITY FOOD CENTERS INC,11215,9065
19870327,FIRST FINANCIAL SVGS ASSN PA,11216,9066
19900516,CHESTER VALLEY BANCORP,11216,9066
19870327,COUNTRY WIDE TRANS SRVC INC,11217,9067
19940520,COUNTRY WIDE TRANSPORT SVCS INC,11217,9067
19870327,PRAXIS BIOLOGICS INC,11218,9068
19870330,FISHER SCIENTIFIC GROUP INC,11219,9069
19870330,GREENCASTLE FED SVGS BK IN,11220,9070
19890113,FIRST UNITED SVGS BK FSB IND,11220,9070
19870331,RISE TECHNOLOGY INC,11221,9072
19890906,COLONIAL DATA TECHNOLOGIES CORP,11221,9072
19870331,SEACOAST SAVINGS BANK DOVER NH,11222,9073
19870331,KEITH HUGH MOBILE ENTERPRISES LT,11223,9075
19870601,KEITH HUGH ENTERPRISES LTD,11223,9075
19880323,KEITH GROUP COS INC,11223,9075
19880617,KEITH GROUP OF COS INC,11223,9075
19870331,A C S SYSTEMS INC,11224,9076
19870331,FIRST FEDERAL S & L ASSN OH,11225,9078
19890724,FIRSTFEDERAL FINANCIAL SVCS CORP,11225,9078
19980618,SIGNAL CORP,11225,9078
19870331,ANTONOVICH INC,11226,9079
19870331,VALLEY BANK,11227,9080
19251231,CHICAGO MILWAUKEE & ST PAUL RY,11228,23142
19270221,CHICAGO MILWAUKEE ST PAUL & PAC,11228,23142
19810406,AGOIL INC,11229,10132
19890912,AEGIS INDUSTRIES INC,11229,10132
19870401,V M S STRATEGIC LAND TRUST,11230,9081
19910313,BANYAN STRATEGIC LAND TRUST,11230,9081
19930607,BANYAN STRATEGIC REALTY TRUST,11230,9081
19870401,A M E INC,11231,9082
19870401,DEERFIELD FEDL SVGS & LN ASSOC,11232,9084
19910301,DEERBANK CORP,11232,9084
19870331,R T ACQUISITION CORP,11233,9083
19880526,BLOC DEVELOPMENT TECHS INC,11233,9083
19891218,BLOC DEVELOPMENT CORP,11233,9083
19950103,TIGER DIRECT INC,11233,9083
19870402,WHEELING NATIONAL BANK,11234,9086
19870402,FIRST FED S & L ASSN COLUMBIA TN,11235,9087
19910430,TENNESSEE NATIONAL BANK,11235,9087
19920212,TENNESSEE BANCORP INC,11235,9087
19251231,CHICAGO ST PAUL MPLS & OMAHA RY,11236,22260
19800602,AGRIPOST INC,11237,122
19870407,DOUGLAS COMPUTER INTL,11238,9090
19870407,ACTION AUTO STORES INC,11239,9091
19870407,KINGSTON SYSTEMS INC,11240,9092
19870407,ANCHOR SAVINGS BANK FSB NY,11241,9093
19910401,ANCHOR BANCORP INC,11241,9093
19870408,CORPORATE INVESTMENT CO,11242,9094
19870408,WESTERN CAROLINA S & L ASSN INC,11243,9095
19251231,CHICAGO YELLOW CAB INC,11244,22261
19721214,J K INDUSTRIES INC,11245,22262
19870408,AMPLICON INC,11246,9096
20010524,CALIFORNIA FIRST NATIONAL BANCOR,11246,9096
19870409,PERENNIAL DEVELOPMENT CORP,11247,9097
19870409,HOME FEDERAL SAVINGS BANK SC,11248,9099
19910220,CAROLINA FINANCIAL CORP,11248,9099
19870410,YORKRIDGE CALVERT S & L ASSN,11249,9100
19870410,WORKINGMENS CO OP BANK,11250,9101
19880801,WORKINGMENS CORP,11250,9101
19870413,CARDINAL FEDERAL SAVINGS BANK KY,11251,9102
19890901,CARDINAL FINANCIAL GROUP INC,11251,9102
19251231,CHICAGO ROCK IS & PAC RY CO,11252,22263
19721214,AID AUTO STORES INC,11253,9
19870414,MOKAN PRODUCTIONS LTD,11254,9104
19870415,FIDELITY FEDERAL SVGS BK IN,11255,9105
19870415,FIRST FIDELITY BANCORP INC WV,11256,9106
19870414,CAREAMERICA INC,11257,9107
19890717,U S TECHNOLOGIES INC,11257,9107
19870415,FISHER TRANSPORTATION SVCS INC,11258,9108
19870415,FREYMILLER TRUCKING INC,11259,9110
19251231,CHRYSLER CORP,11260,20446
19870416,VALLEY CAPITAL CORP,11261,9111
19870416,ELMERS RESTAURANTS INC,11262,7726
19870420,FIRST S & L ASSN PENNS GROVE,11263,9112
19880613,FIRST HOME SVGS BK SLA PENNSVLLE,11263,9112
19930628,FIRST HOME SAVINGS BANK F S B,11263,9112
19960603,FIRST HOME BANCORP INC,11263,9112
20100714,DIREXION SHARES E T F TRUST,11264,53101
19870421,REXWORKS INC,11265,9115
19870422,SOUTHSTATE BANK SAVINGS MA,11266,9116
19870422,CATO CORP NEW,11267,9117
19870422,FIRST FINL SVGS ASSN FA CINCIN,11268,9118
19890301,FIRST SAVINGS BANCORP,11268,9118
19870423,GERMANTOWN SAVINGS BANK BALA PA,11269,9119
19880120,EMPIRE INSURANCE CO NEW,11270,9656
19870423,UNITED SERVICES SOURCE INC,11271,9121
19910603,U N S I CORP,11271,9121
19870423,TRANSPIRATOR TECHNOLOGIES INC,11272,9122
19870424,PROSPECT PARK S & L ASSN NJ,11273,9123
19880513,PROSPECT PARK FINANCIAL CORP,11273,9123
19870427,DIXIE NATIONAL CORP,11274,9126
19960814,ETHIKA CORP,11274,9126
19870427,REPRO MED SYSTEMS INC,11275,9128
19870427,DIVERSCO INC,11276,9129
19870428,DAVOX CORP,11277,9131
20020503,CONCERTO SOFTWARE INC,11277,9131
19870428,SHARPER IMAGE CORP,11278,9132
19251231,CHRISTIE BROWN & CO LTD,11279,22264
19790511,AGRICULTURAL & INDL DEV INC,11280,135
19870429,BEAUTY LABS INC,11281,9135
19870429,INTERNATIONAL TELECHARGE INC,11282,9136
19870430,SEQUENT COMPUTER SYSTEMS INC,11283,9138
19870430,OAK TREE CONSTRUCTION COMPTS INC,11284,9139
19870430,FIRST BANCORP NC,11285,9141
19870430,WASHINGTON FEDERAL SAVINGS BK OR,11286,9140
19251231,AMERICAN LOCOMOTIVE CO,11287,921
19550420,ALCO PRODS INC,11287,921
19620702,ALCO PRODUCTS INC,11287,921
19650104,CITADEL INDUSTRIES INC,11287,921
19721214,AIR CALIFORNIA INC,11288,31
19870430,TACHTRONIC INSTRUMENTS INC,11289,9143
19871222,Q M C TECHNOLOGIES INC,11289,9143
19870501,NATIONAL LOAN BANK HOUSTON TX,11290,9144
19870501,MICHAEL FOODS INC,11291,9145
19870501,IMMUCELL CORP,11292,9146
19870504,WESBANCO INC,11293,9147
19870505,ENVIROSAFE SERVICES INC,11294,9148
19251231,CLUETT PEABODY & CO INC,11295,22265
19781212,AIR CARGO EQUIP CORP,11296,330
19870505,WETTERAU PROPERTIES INC,11297,9149
19870505,HIGH RESOLUTION SCIENCES INC,11298,9150
19870505,FAYETTE FEDERAL SAVINGS BANK,11299,9151
19870505,BANK OF SOUTHINGTON CT,11300,9152
19930507,BANK OF SOUTHINGTON,11300,9152
19870506,MALIBU CAPITAL CORP,11301,9153
19870506,TONS OF TOYS INC,11302,9154
19870506,FIRST NATIONAL BANK MT CLEMENS,11303,9155
19890926,FIRST NATIONAL BANK CORP MI,11303,9155
19870506,COMMUNITY SAVINGS BK BRISTOL CT,11304,9156
19870507,EMPIRE SAVINGS & LN ASSN HAMM NJ,11305,9157
19871210,EMPIRE SAVINGS BK SLA HAMM NJ,11305,9157
19890103,EMPIRE FINANCIAL CORP NJ,11305,9157
19870507,PRECISION STANDARD INC,11306,9158
20000524,PEMCO AVIATION GROUP INC,11306,9158
20080107,ALABAMA AIRCRAFT INDUSTRIES INC,11306,9158
19870508,A & W BRANDS INC,11307,9160
19251231,COCA COLA CO,11308,20468
19810709,AIR CHAPARRAL INC,11309,39
19870508,FIREPLACE MANUFACTURERS INC,11310,9161
19870511,SURGIDYNE INC,11311,9164
19870511,CIATTIS INC,11312,8862
19870512,STAR CLASSICS INC,11313,9163
19920102,STARMARK INC,11313,9163
19930323,BABYSTAR INC,11313,9163
19951127,DATATREND SERVICES INC,11313,9163
19870512,OSBORN COMMUNICATIONS CORP,11314,9166
19870512,FARMSTEAD TELEPHONE GROUP INC,11315,9167
19251231,COLORADO & SOUTHN RY CO,11316,22266
19721214,CENTREE CORPORATION,11317,144
19770104,AIR FLORIDA SYSTEMS INC,11317,144
19870513,BANDO MCGLOCKLIN CAP CORP,11318,9169
20010504,MIDDLETON DOLL COMPANY,11318,9169
19870513,ENGLISH GREENHOUSE PRODUCTS CORP,11319,9165
19870514,PEOPLES SAVINGS BANK FSB MI,11320,9170
19870514,WASHINGTON FEDERAL SAVINGS BK WA,11321,9171
19950622,1ST WASHINGTON BANCORP INC,11321,9171
19870514,RARITAN BANCORP INC DE,11322,9172
19870514,WASHINGTON BANCORP INC,11323,9173
19251231,COLORADO FUEL & IRON CO,11324,22267
19721214,AIR INDUSTRIES CORP,11325,22268
19870514,MANAGEMENT TECHNOLOGIES INC,11326,9175
19870514,CUMBERLAND FEDERAL SAVINGS BANK,11327,9176
19881025,CUMBERLAND FEDERAL BANCORP INC,11327,9176
19870514,COHASSET SAVING BANK MA,11328,9177
19870515,BOYS MARKET INC,11329,9178
19870515,CONVERGENT SOLUTIONS INC,11330,9179
19870515,EASCO HAND TOOLS INC,11331,9180
19251231,PENNSYLVANIA COAL & COKE CORP,11332,22269
19540505,PENNSYLVANIA TEXAS CORP,11332,22269
19590529,FAIRBANKS WHITNEY CORP,11332,22269
19640518,COLT INDUSTRIES INC DE,11332,22269
19721214,AIR KING CORP,11333,147
19870518,ATTWOODS PLC,11334,9182
19870518,ST PAUL BANCORP INC,11335,9181
19870518,CAPROCK CORP,11336,9183
19870515,AMERICAN MEDICAL TECHNOLOGY INC,11337,9184
19870519,KIMMINS ENVIRONMENTAL SVC CORP,11338,9185
19960112,KIMMINS CORP NEW,11338,9185
19870519,MICROCOM INC,11339,9186
19251231,COLUMBIA GAS & ELEC CO,11340,20478
19480429,COLUMBIA GAS SYS INC,11340,20478
19980120,COLUMBIA ENERGY GROUP,11340,20478
19821105,AIR MIDWEST INC,11341,5678
19870519,ONE PRICE CLOTHING STORES INC,11342,9187
19870519,SANDERSON FARMS INC,11343,9188
19870519,JACOBS JAY INC,11344,9189
19870519,NELLCOR INC,11345,9190
19950828,NELLCOR PURITAN BENNETT INC,11345,9190
19870519,LIPOSOME TECHNOLOGY INC,11346,9191
19950626,SEQUUS PHARMACEUTICALS INC,11346,9191
19870519,DIGITAL MICROWAVE CORP,11347,9192
20000815,DMC STRATEX NETWORKS INC,11347,9192
20020910,STRATEX NETWORKS INC,11347,9192
19870520,CENTURY BANCORP INC,11348,9193
19870520,JETBORNE INTERNATIONAL INC,11349,9194
19870520,NEW JERSEY STEEL CORP,11350,9195
19870520,NATIONAL IMAGING INC,11351,9196
19870521,DATA TECHNOLOGY CORP NEW,11352,9197
19880829,QUME CORP,11352,9197
19870521,TOPPS COMPANY INC,11353,9198
19870521,ROBOTOL LTD,11354,9199
19881007,MOTION CONTROL TECHNOLOGY INC,11354,9199
19870521,FIRST WOMENS BK CALIF LA,11355,9200
19890406,FIRST NEW YORK BUSINESS BK CORP,11355,9200
19920428,FIRST NEW YORK BANK FOR BUSINESS,11355,9200
19870522,BUDGET RENT A CAR CORP,11356,9202
19870522,COMPUMED INC,11357,9201
19870526,AMERICAN POP INC,11358,9204
19870911,AMERIHOST PROPERTIES INC,11358,9204
20010529,ARLINGTON HOSPITALITY INC,11358,9204
19251231,COLUMBIAN CARBON CO,11359,22270
19831110,AIR ONE INC,11360,6567
20100701,E C A MARCELLUS TRUST I,11361,53460
19870526,SHOWCASE COSMETICS INC,11362,9207
19931111,MARK SOLUTIONS INC,11362,9207
20100707,E G A EMERGING GLOBAL SHARES TR,11363,53146
20161019,COLUMBIA E T F TRUST II,11363,53146
19870528,RED EAGLE RESOURCES CORP,11364,9210
19870528,KOMAG INC,11365,9211
19870528,WATERHOUSE INVESTOR SERVICES INC,11366,9212
19251231,COMMERCIAL CR CO,11367,20483
19840423,AIR TRANSPORTATION HOLDING CO,11368,6977
19940516,AIR TRANSPORTATION HOLDING INC,11368,6977
19990930,AIR T INC,11368,6977